patient_id,label,DST k=10,GLAM,Mammo-FM,Mammo-CLIP,MIL
10182631,0,0.4735521177450816,0.6154653708140055,0.35015,0.37176472,0.3185356299082438
10230737,0,0.3753697752952575,0.4417565017938614,0.33694999999999997,0.39201775,0.33507080078125
10244575,0,0.23295598626136776,0.4677030980587006,0.15234999999999999,0.15565379,0.05521536767482757
10371624,0,0.1881868155300617,0.456522608757019,0.08333600000000001,0.17243834,0.09339328289031981
10510180,0,0.1294806934893131,0.4523874312639236,0.08122750000000001,0.23140034,0.07304273843765256
10603859,0,0.33122737831794297,0.4491865953573813,0.2398446153846154,0.33614494999999994,0.1644377433336698
10679900,0,0.17553322836756705,0.44197128564119337,0.06087,0.14086951,0.04559174180030821
10839603,0,0.29447088961799933,0.45534030348062515,0.10980333333333332,0.25978714,0.11829204857349394
10890395,0,0.4761804747581482,0.4471711826324463,0.45892,0.41804027999999993,0.420977783203125
11012584,0,0.28162094727158543,0.4471768543124199,0.1401425,0.15319347,0.09020715355873107
11049422,0,0.18999477755278346,0.4435970366001129,0.09404,0.17035249,0.0761971279978752
11223257,0,0.3912734344601631,0.449863451719284,0.28455,0.30268946,0.3909087896347046
11435865,0,0.49916996739127417,0.4565773638811978,0.2421909090909091,0.35638642,0.2951477137478915
11469037,0,0.3115209735929966,0.4451783195137977,0.08460999999999999,0.08583363,0.05549532175064084
11482468,0,0.17051020450890061,0.4485308967530727,0.06908062499999999,0.22454973,0.08638619631528853
11545932,0,0.356518068164587,0.4668932929635048,0.41581666666666667,0.4130029,0.27667877674102787
11591043,0,0.2890905578931173,0.4524085027200204,0.21234814814814817,0.2766407,0.17939801922550908
11611038,0,0.7172934204339981,0.6121751338243484,0.92,0.83554685,0.811767578125
11711841,0,0.22175944447517393,0.5223192284504573,0.18393,0.2596391,0.24499892195065812
11869609,0,0.17936559356749054,0.4470806300640106,0.1307325,0.15903611,0.1938525080680847
11879136,0,0.2495229524042871,0.4787033922142452,0.10193777777777778,0.13125156,0.08856630590226915
12182562,0,0.35494899451732637,0.4646843671798706,0.258175,0.3420802,0.0901198178529739
12448946,0,0.37569808440823704,0.45050038849153823,0.3541967741935484,0.3656744,0.2333405356253347
12477708,0,0.34231307990849014,0.5125873744487762,0.192275,0.24066325,0.29962782859802245
12538097,0,0.4450995165109634,0.5327366298437118,0.47374,0.44573298,0.4375778007507324
12831814,0,0.4578222426084372,0.46333793034920323,0.1789053846153846,0.21451420999999998,0.1964111694922814
12839811,1,0.4896931231021881,0.4492246627807617,0.8135,0.75604707,0.6643310546875
12841171,0,0.31788409203290935,0.4390859425067901,0.2148,0.21484843,0.13272140026092527
13163380,0,0.44226327240467067,0.6312446922063828,0.49572499999999997,0.39163,0.44511849880218507
13173480,0,0.2988458573818207,0.47988009154796596,0.240325,0.2587731,0.14308179318904876
13392644,0,0.25025850456693893,0.46971912772759145,0.1989213043478261,0.24041185,0.20765114089717035
13462160,0,0.43995934277772897,0.5084492042660713,0.359725,0.2768642,0.26216175258159635
13473268,0,0.21823397064033673,0.4468161305960487,0.27457647058823526,0.34143403,0.39711412542006547
13534635,0,0.22358538620173926,0.44463010579347606,0.1582575,0.30874592,0.30070319175720217
13565285,0,0.14077498205006117,0.4432999417185783,0.07961,0.17922358,0.037838697433471666
13593524,0,0.3559783464845489,0.44680913371198316,0.27952,0.28040552,0.23391836390775794
13913846,0,0.2728171451638142,0.49284944335619607,0.17087,0.2400727,0.2414856384197871
14178566,0,0.2345900759100914,0.4519056534767151,0.20154999999999998,0.13934907,0.13584813117980954
14282062,0,0.34172632470726966,0.44785162359476083,0.1447875,0.2874519,0.2256229132413864
14287689,0,0.2122123898221896,0.45669095745453464,0.20826384615384616,0.30492112,0.16883500264241144
14346959,0,0.3479336349169413,0.46636027495066323,0.4441866666666667,0.4476518,0.4632983112335205
14462718,0,0.39060728847980497,0.44018913388252257,0.17891,0.19263415,0.12218551993370055
14578957,0,0.32141969092190265,0.5296926483511925,0.292825,0.20849705,0.26062850952148436
14702228,0,0.3653094430764516,0.44734815359115604,0.24080000000000001,0.32349116,0.3674537618954976
14723546,0,0.11330698161489429,0.4660308056407504,0.012010888888888889,0.078244425,0.041248646047380225
14755107,0,0.26824795510619875,0.45827916748821734,0.20621625,0.24901855,0.15314181745052338
14831404,0,0.4062448878740442,0.4928245121035082,0.3479655172413793,0.26395983,0.24038184017970643
14981338,0,0.24910733569413418,0.5125509962439537,0.23038124999999998,0.24052921,0.17159026116132736
14981920,0,0.49657716453075407,0.4666014835238457,0.391775,0.287037,0.20755047798156737
15032819,0,0.5342259395122528,0.44693568110466,0.5664,0.61613286,0.4754571151733399
15083090,0,0.2838372160991033,0.48160461386044817,0.2932983333333333,0.30553147,0.25932438174883526
15088953,0,0.30694475844502445,0.43618147671222685,0.235575,0.3251988,0.14828968048095703
15127352,0,0.3836886862913767,0.5405283023913702,0.284,0.34793893,0.24439157446225482
15587753,0,0.3458971025422215,0.5361904507875442,0.3064245,0.3261451,0.35743789255619046
15619706,0,0.5150611621992928,0.5227115477834429,0.5537571428571428,0.5461784,0.4471761975969587
15887589,0,0.47058828771114347,0.5025836944580078,0.5697000000000001,0.47670203,0.7097900390625
16138433,0,0.2488049894571304,0.4600762218236923,0.1894575,0.30890042,0.3542689919471741
16141413,0,0.5081358224153518,0.598718637228012,0.77535,0.8099617,0.5821783065795898
16372775,0,0.5946866631507873,0.5694131724536419,0.920875,0.85458565,0.8286830902099609
16571238,0,0.3654066264629364,0.4386946463584899,0.127306,0.14164612,0.113263521194458
16799020,0,0.3713506437838077,0.4640431657433509,0.172775,0.17707695,0.19663171470165253
16881585,0,0.4625531747937202,0.49535288866609334,0.431895625,0.37238294,0.4132421288639307
16938711,0,0.43894168895024516,0.44755743971237766,0.28073846153846155,0.29648346,0.24669848221998947
17119925,0,0.40001871130045724,0.4513398324742037,0.34457058823529413,0.31932625,0.30008985856000114
17148746,0,0.3460817569494247,0.5078860362370808,0.18269266666666667,0.26487622,0.22152600288391114
17275398,0,0.19638503904143964,0.4449537545442581,0.0487008,0.15264079,0.07485841512680053
17356829,0,0.310991674093973,0.4604512776647295,0.18413,0.27507657,0.21778466758273896
17503145,0,0.35433604076504704,0.47042384326457976,0.29930500000000004,0.31942782,0.2921825122833252
17518142,0,0.19391706238190332,0.49031903445720676,0.11811500000000001,0.19291273,0.09104015429814655
17673570,0,0.46385857939720154,0.49675609906514484,0.4025666666666667,0.3976168,0.358969685236613
17762649,0,0.31556600034236904,0.44269861131906507,0.18735000000000002,0.28110328,0.13692524284124374
17797951,0,0.4249761456251145,0.5141057503223418,0.41458000000000006,0.33143574,0.49439697265625
17849723,0,0.3167651787400245,0.4455081149935722,0.2018,0.25708377,0.09921045303344725
17970197,0,0.46091292003790535,0.4954984992742539,0.334775,0.35448265,0.3792968114217123
18042355,0,0.2677590884268284,0.4529961109161377,0.1275075,0.13888815,0.09710704088211057
18073290,0,0.16158276244997977,0.44568988442420954,0.056423999999999995,0.07052566,0.022947525978088357
18197270,0,0.2813761785626411,0.44063377082347865,0.071335,0.18646908,0.15257993340492249
18310030,0,0.41563437432050704,0.4976333340009053,0.2739,0.22541055,0.36953793565432225
18341963,0,0.39496489629149434,0.45381037354469295,0.40644,0.38824695,0.4804806709289551
18477810,0,0.37525120492164904,0.4537709506658407,0.17024307692307694,0.2941455,0.2655034615443303
18805453,0,0.31866602301597596,0.45023338411535535,0.14306642857142857,0.16318299,0.1270908943244389
18824230,0,0.10926340100440107,0.4519218618219549,0.019763045454545453,0.079150006,0.02773130210963161
19002483,0,0.6102449879050255,0.6090431645512581,0.702575,0.6827811,0.5593674898147583
19223964,0,0.46859187483787534,0.45380256772041316,0.355275,0.34726852,0.18352975845336914
19370331,0,0.5074093228578567,0.46104917824268343,0.49227999999999994,0.39759701,0.41783905029296875
19590682,0,0.2695093590766191,0.45282112807035446,0.112405,0.13616928,0.152364581823349
19823238,0,0.39040809124708176,0.44113218858838077,0.2096875,0.33220086,0.15989730954170225
19880061,0,0.19435272552073,0.4638395971059799,0.184001,0.19521467,0.11321655869483946
19946829,0,0.28649046942591666,0.4498032078146934,0.2774,0.35616115,0.16658320426940917
20086587,0,0.27850026513139403,0.45054804186026254,0.28071666666666667,0.33297396,0.23301114241282148
20367361,0,0.2881136051068703,0.46645209193229675,0.35342500000000004,0.3557314,0.2267611881097158
20376688,0,0.24118045210838313,0.5210077357292175,0.317434,0.4241622400000001,0.3258005166053772
20436445,0,0.242860198020935,0.44504345804452894,0.212725,0.25912675,0.1636056363582611
20614148,0,0.23156312283660682,0.4730671350445066,0.19565714285714284,0.25349537,0.09318178210939679
20677869,0,0.4580672025680542,0.5574459433555603,0.5625,0.48823166,0.5729583740234375
20701894,0,0.3346647053956985,0.439792463183403,0.34235000000000004,0.4328125,0.2774940490722656
20727506,0,0.4740149535238743,0.5110715478658676,0.40399999999999997,0.33456933,0.3325984477996826
20744543,0,0.3561567906628955,0.44598094062371685,0.37293181818181814,0.3151824,0.2140831324187192
20783702,0,0.25129263326525686,0.4418100640177727,0.13452,0.27255225,0.10048077404499052
21291657,0,0.35784137547016137,0.4436101049184799,0.18375,0.21787377,0.2653045654296875
21318620,0,0.3369687369984129,0.51201658508052,0.24090608695652174,0.29340896,0.24005558957224307
21424739,0,0.4876999252372318,0.5442183037598928,0.37270000000000003,0.40750664,0.5192973295847575
21451428,0,0.36164792809221474,0.5315084980593787,0.3180711111111111,0.2880352,0.3785527030626933
21851195,0,0.17308472126722332,0.45968327403068543,0.355364,0.29516715,0.3290436959266662
21860836,0,0.34427266232669357,0.48527470082044605,0.19345,0.2934862,0.14212288856506347
22034124,0,0.36867469880315995,0.5293662402364943,0.42184444444444447,0.39674655,0.5536161210801867
22088080,0,0.32346210380395246,0.44531306094593476,0.21444444444444444,0.20041423,0.12836717764536537
22261498,0,0.29943094700574874,0.4595169574022293,0.321825,0.30036974,0.36719579696655275
22324980,0,0.5303008042275905,0.505652085840702,0.68068,0.5320824,0.5682875919342041
22639422,0,0.3968953266739845,0.4398439183831214,0.162,0.20334952,0.14852946996688843
22697473,0,0.2785058056314786,0.4871612290541331,0.13134666666666667,0.26767662,0.19896723429361976
22772573,0,0.32118737176060674,0.5135767385363579,0.158935,0.30200166,0.24961675554513932
22821166,0,0.44559039175510406,0.457987639605999,0.261795,0.26053184,0.20151112973690033
22911276,0,0.33702596351504327,0.5838441610336303,0.43065,0.6159302,0.4073339462280273
22913118,0,0.35753840878605836,0.4606872297823429,0.18068125000000002,0.18695483,0.11176680028438567
22959576,0,0.46933244665463764,0.4399671999116739,0.38642916666666666,0.39024052000000004,0.4481322800119718
22976362,0,0.4771578133106232,0.4748596787452698,0.829,0.8756836,0.53563232421875
23712402,0,0.24544786340915234,0.44584769973388083,0.25061923076923076,0.345534,0.22931173122846163
23821257,0,0.4100525200366974,0.46310626864433285,0.41225,0.29035205,0.35807590484619145
24039211,0,0.29366849797467387,0.5381066809097925,0.27110416666666665,0.27525145,0.2749932885169983
24068175,0,0.36808600276708603,0.45397816598415375,0.24102500000000002,0.3009015,0.20205421447753905
24219381,0,0.4703321516513824,0.6219642609357834,0.290725,0.20026001,0.16215742230415342
24240900,0,0.34171243384480476,0.44129748046398165,0.07802,0.098485135,0.04662004113197324
24248429,0,0.14995491007963813,0.45353392362594597,0.12555833333333333,0.22002938000000002,0.05332472523053486
24281259,0,0.23496884629130357,0.4479435116052627,0.08917499999999999,0.17008135,0.08591980040073394
24305344,0,0.28372199609875676,0.4510824531316757,0.038685,0.12711456,0.06336588859558104
24468169,0,0.24322056174278256,0.4801666304469108,0.090915,0.15901113,0.07712716162204741
24560807,0,0.5807686155492608,0.4787452979521318,0.6457454545454545,0.59473187,0.5036585374311967
24618460,1,0.48368839398026464,0.48011476173996925,0.6411625,0.6290101,0.5806392908096314
24641944,0,0.5049454540014267,0.4426416039466858,0.40930833333333333,0.35392657,0.35148824254671734
24935730,0,0.26588847935199733,0.4716463938355445,0.05695,0.17885676,0.12425453066825864
24969543,0,0.3847035142091604,0.4548834883249723,0.1506523076923077,0.25688735,0.17143807044396034
25001584,0,0.30964797735214233,0.47630297541618344,0.3909,0.30494896,0.25155894756317143
25163073,0,0.2766098548791238,0.5324462068932397,0.193655,0.2865048,0.2296228996344975
25314713,0,0.3619389750063419,0.44450463056564327,0.48617499999999997,0.39772668,0.45989036560058594
25361918,0,0.5100411891937255,0.6148394584655762,0.3066,0.22357817,0.30841789245605467
25400824,0,0.20232036237915355,0.44296330412228896,0.07468,0.08624865,0.03671303391456602
25592471,0,0.21021803058683866,0.4486396681517362,0.2623625,0.31459728,0.160839556902647
25648315,0,0.23954894859343767,0.43912149667739864,0.12282,0.25097403,0.1612236961722374
25715948,0,0.2566071426868438,0.4518005669116974,0.38064,0.41727263,0.39958240509033205
25811455,0,0.32072966835565037,0.5081791407532161,0.4027688888888889,0.31720033,0.33016850617196825
26152076,0,0.4413382878809264,0.46252760814897936,0.40695909090909094,0.35938424,0.3272966601631858
26186592,0,0.228349166115125,0.4546813309192657,0.05681,0.07471075,0.10441130929523043
26252100,0,0.4583090762297312,0.6479855289061864,0.3264666666666667,0.26019412,0.35043935775756835
26262198,0,0.2464849149653067,0.4624049221475919,0.11867791666666666,0.22469357999999998,0.09612286438544589
26333761,0,0.36968162113969977,0.45871299830350004,0.845090909090909,0.68300295,0.7551509510387074
26341522,0,0.2572396126886209,0.46185058554013564,0.25798333333333334,0.29625386,0.1465016722679138
26563164,0,0.489984193444252,0.5759686142206192,0.31478333333333336,0.29677257,0.18304447134335833
26617409,0,0.25523993313312526,0.44405817747116083,0.22266,0.23517875,0.20416030883789063
26655624,0,0.2766508661210537,0.4506844252347946,0.099075,0.11466296,0.0631284177303314
26875376,0,0.3979033064842224,0.443093831539154,0.23268,0.4453861,0.20709064960479734
26877885,0,0.3960855002204577,0.53114106853803,0.29368916666666667,0.3938782,0.5451587994893392
26936037,0,0.3789532978283731,0.4431455358078605,0.313521052631579,0.34970513,0.33461255776254756
26996080,0,0.2863121281499448,0.475835011575533,0.2222086956521739,0.17401117,0.12885090527327164
27129552,0,0.2709408785248625,0.4445929070998882,0.20132172413793104,0.2707157,0.17521005087885363
27210774,0,0.4343887537717819,0.6745791494846344,0.289675,0.20077434,0.18757475316524505
27285063,0,0.36738588313261666,0.5129740026262071,0.40168333333333334,0.43240318,0.3467201338873969
27357626,0,0.27878743819892404,0.4554321154952049,0.3052125,0.27529344,0.13771859407424925
27406100,0,0.39409140894810357,0.4801447163025538,0.4369375,0.39277157,0.31409303446610765
27495598,0,0.18751147824029124,0.44080429275830585,0.08155416666666666,0.13360807,0.0331763426462809
27698410,0,0.4455407036675347,0.4453037612968021,0.22715555555555556,0.31453672,0.13039045333862304
27703055,0,0.17370234179225832,0.45284525237300177,0.14395045454545455,0.17133367,0.07911607352170076
27875227,0,0.3645923560857772,0.5120205112298329,0.28451000000000004,0.38434657,0.30477070569992065
27875977,0,0.1819006990641355,0.4525983765721321,0.10828,0.16792929,0.1181970566511154
27885128,0,0.41692535690963267,0.4759987413883209,0.3962875,0.42811775,0.4497489809989929
27888512,0,0.25156864523887634,0.45224529027938837,0.09698,0.14104515,0.1589684224128723
28473852,0,0.46915709674358363,0.4930895052850246,0.5917749999999999,0.55510867,0.4905379295349121
28796151,0,0.22205334986959183,0.45782839230128697,0.07487142857142857,0.09416519,0.061299044745309
28836279,0,0.24202394735287214,0.4477993291967055,0.2691223529411765,0.35541177,0.1792050151263966
28890605,0,0.23901768215000624,0.44202969074249265,0.0642925,0.21584277,0.07555344402790068
29001634,0,0.478868305683136,0.4531078577041625,0.63825,0.4737793,0.43192979097366335
29036208,0,0.13824593631757626,0.44835774964756436,0.06362055555555556,0.14531985,0.10494267212020024
29130047,0,0.13372668921947475,0.45641360729932784,0.032780000000000004,0.06793207,0.05454585552215573
29183397,0,0.17485715836286542,0.46235397934913636,0.13302399999999998,0.20811276000000004,0.09519532203674316
29253144,0,0.2605849588289857,0.4529508255422115,0.09118,0.21238041,0.08473523408174513
29273561,0,0.21623821593821047,0.4631188258528709,0.16749750000000002,0.21388467,0.09539105296134948
29597125,0,0.6063594804869757,0.5686096529165904,0.5607333333333333,0.5393238,0.5303545766406589
29652576,0,0.30952574610710143,0.4447351761162281,0.11485625000000001,0.20898041,0.04826674163341521
29867143,0,0.32119467454877765,0.5186855056069114,0.4452409090909091,0.5040847,0.44989499395543875
30041713,0,0.33761093914508816,0.4511827901005745,0.0874325,0.18168174,0.07200292348861692
30258717,0,0.23256473354995247,0.4393706649541854,0.1038,0.22249746,0.14137580394744872
30353230,0,0.17336575434758109,0.45665919001285843,0.13665230769230768,0.16507497,0.05500612992506759
30465869,0,0.29127102762460705,0.4622954562306404,0.153221,0.21605062,0.21699971735477447
30467778,0,0.43645389080047603,0.6520145952701568,0.4178,0.3274893,0.28742518424987795
30537173,0,0.2504453852772712,0.4510156174500783,0.1408,0.1819354,0.08203132351239521
30571516,0,0.35759644269943236,0.5156579732894897,0.25978,0.3712297,0.2290644645690918
30698579,0,0.28767111378908156,0.47013848018646237,0.41580399999999995,0.29912058,0.32978312730789183
30811262,0,0.2212611425668001,0.4779848292469978,0.1047875,0.09739548,0.05379804670810698
30964891,0,0.3651057600975036,0.43791925013065336,0.5825,0.51532364,0.5785011291503905
30972856,0,0.49344555586576466,0.5784065023064613,0.424275,0.63966143,0.361735725402832
31063983,0,0.2615803398191929,0.44083922058343883,0.17865,0.22158818,0.11728659868240356
31111756,0,0.36112890020012856,0.4648403078317642,0.1528875,0.15510528,0.148851078748703
31133214,0,0.415863661468029,0.44178703278303144,0.389425,0.469841,0.3208591461181641
31318186,0,0.2765130952994028,0.453023810784022,0.27123933333333333,0.3234851,0.24789891799290975
31416724,0,0.3132106420894463,0.44796891212463374,0.20809333333333332,0.26864454,0.15569764177004494
31440802,0,0.3593183961510658,0.47783421933650966,0.20637,0.2058733,0.16938138008117676
31679642,0,0.3626647034516701,0.4790728527766008,0.44021538461538456,0.3948472,0.3117557488954984
31893546,0,0.2919674970209598,0.4467683747410774,0.152025,0.21746597,0.09405316114425659
32077124,0,0.3947931807488203,0.5308858193457127,0.53745,0.5826169,0.3518939271569252
32097244,0,0.6012449729442596,0.5899400335550308,0.7770900000000001,0.79487216,0.688667812347412
32110336,0,0.23659903049468994,0.4451426482200622,0.093116,0.21725328,0.16844518661499025
32193738,0,0.3297584486007691,0.47397925138473507,0.66006,0.51544875,0.5522265625
32216639,0,0.31785424812273544,0.4414182771335948,0.4615090909090909,0.31273815,0.09613134644248268
32227674,0,0.11624747371921933,0.44814137071371074,0.06983583333333333,0.16351244,0.09218452274799345
32357527,0,0.20936308847023885,0.4681745900557591,0.13033538461538463,0.2718781,0.08133968298251812
32961395,0,0.2751428397638457,0.46731062914643967,0.2634142857142857,0.28608108000000004,0.19786585569381712
32984160,0,0.1277048230171203,0.4442261219024658,0.229,0.22701988,0.08253517150878904
32987651,0,0.35427607718636006,0.4525677828227772,0.3206647058823529,0.24330635,0.19444311436484843
33021540,0,0.3781324155628681,0.455537074804306,0.26192499999999996,0.26681346,0.2849860191345215
33325746,0,0.5494953950246174,0.6250578204790751,0.42050000000000004,0.32208437,0.515722910563151
33395004,0,0.3686173714697361,0.514572773873806,0.457,0.33908853,0.22663657665252684
33429065,1,0.45697828722851613,0.4945673759494508,0.46835,0.43047732,0.4674179485866002
33470172,0,0.3505033493041992,0.4407289683818817,0.21365,0.29560935,0.16384549140930177
33584959,0,0.2547527426388114,0.4455240204930305,0.13421,0.23778257,0.13061018884181974
33634586,0,0.17533894892161087,0.4449690160652002,0.030013375,0.087680005,0.06926533828179039
33727157,0,0.2932625889778137,0.4421801462769508,0.13444,0.2588929,0.17364886105060579
33943561,1,0.37372488776842755,0.43678954541683196,0.2228,0.19182904,0.3539483070373535
34005592,0,0.3101286517456174,0.45945537835359573,0.16472625,0.22471075,0.25680959820747373
34274480,0,0.18392279371619222,0.4719456533590953,0.6024333333333333,0.30093408,0.2649207472801209
34337353,0,0.2956404365599155,0.4486378595232964,0.108735,0.23129205,0.18518414497375488
34423062,0,0.3541191965341568,0.4546692863106727,0.282525,0.24756375,0.21670281688372295
34424870,0,0.37346744139989213,0.4513263697425524,0.274,0.26607543,0.22822748521963754
34789855,0,0.25056593283079565,0.5079646587371826,0.23158937500000001,0.22590832,0.27165180891752244
34794183,0,0.42369392023367036,0.4559768547030056,0.4563529411764706,0.429722,0.38258344636243935
34810788,0,0.17497179848141964,0.4480139527469873,0.11369,0.15744337,0.09899710044264792
34832568,0,0.1302223292489846,0.44587542215983067,0.026145666666666668,0.12882352,0.035417342185974095
34847433,0,0.31765223234891893,0.4801606237888336,0.33629000000000003,0.40853375,0.3216848111152649
34877584,0,0.26441614553332327,0.4622772917151451,0.177575,0.08868444,0.06277889907360076
34969373,0,0.32985467910766597,0.4381191611289978,0.069795,0.13392334,0.10024623870849608
35041032,0,0.1842741133438216,0.4675113598505656,0.12064555555555555,0.21860555,0.11230351130167643
35126346,0,0.2734981730580329,0.45528453439474104,0.315625,0.36823407,0.3494525909423828
35270052,0,0.230892426520586,0.4708032324910164,0.0608125,0.19335836,0.11097435951232909
35429599,0,0.31235258020460605,0.455771417170763,0.0723625,0.104480244,0.037832552194595324
35501850,0,0.3483797554716919,0.4479592805558985,0.13886636363636362,0.2261025,0.261598032171076
35572839,0,0.391985011100769,0.44667816360791524,0.20397777777777779,0.3462632,0.2615623580084907
35851729,0,0.3493516658033643,0.5524224102497101,0.6244514285714285,0.6337991,0.5685436861855643
35868079,0,0.18786128349602216,0.44958604276180264,0.077665,0.20381908,0.06738842725753783
35910690,0,0.26496268808841705,0.44259464740753174,0.0560075,0.08675735,0.022859549522399887
36000459,0,0.35271503031253815,0.5124247708490917,0.4005142857142857,0.36001506,0.31060969786984577
36464358,0,0.2477371019752402,0.47473224715182655,0.11419210526315789,0.21976633,0.1265945233796772
36464815,0,0.34574502408504487,0.43591930717229843,0.23717499999999997,0.18911533,0.12367724180221557
36717307,0,0.39835719210760934,0.5048812125410352,0.40487142857142855,0.37929282,0.23635173525129047
36896097,0,0.28657748363912106,0.45725277066230774,0.11734249999999999,0.181451,0.09780851006507872
36912415,0,0.2834365637972951,0.4458267994225025,0.157725,0.24897334,0.16527616679668425
36978273,0,0.3223933259646098,0.4559147035082181,0.11808999999999999,0.21645074,0.0908735970656077
37046235,0,0.3402902963486584,0.48832011277025394,0.25317272727272727,0.30940202,0.2843800631436435
37059899,0,0.2966857747899161,0.45092348588837516,0.10575777777777778,0.1296181,0.05340810881720647
37275898,0,0.469336266219616,0.5027777045965195,0.34485,0.29344308,0.2715514779090881
37300090,0,0.25304759442806246,0.4487100124359131,0.18907000000000002,0.17444058,0.17240914106369015
37344482,0,0.3448940355330705,0.4528980918228626,0.21359375,0.19855835,0.19617687463760375
37474590,0,0.29485871374607087,0.44841063976287837,0.5645,0.44659883,0.5245654296875
37599777,0,0.40701925073351175,0.5334925387586866,0.5848285714285714,0.37858638000000006,0.4512077876499721
37722320,0,0.3045520372274849,0.47708577480581066,0.30619166666666664,0.28874657,0.2867742187447018
37943561,0,0.25115579168001806,0.46041572888692217,0.24309999999999998,0.25754264,0.15668859481811523
38075038,0,0.15872962678020647,0.4466394879601218,0.07273181818181819,0.19888377000000002,0.04833813797343858
38174561,0,0.24278653860092161,0.44310347884893414,0.1963825,0.2926601,0.14494152069091795
38312827,0,0.35301723629236215,0.4414593577384949,0.2242,0.30828992,0.1846309185028076
38376166,0,0.4661385486657555,0.5227909278225255,0.3219656756756757,0.3534476,0.34234224429001675
38388276,0,0.5807919800281525,0.5428209766745568,0.39432500000000004,0.35868058,0.21405417919158934
38476962,0,0.3561295198357623,0.4450225627940634,0.2773391304347826,0.24405766,0.2216107021207395
38506215,0,0.36694551967084404,0.4444571178406477,0.268503125,0.24253917,0.23383981212973592
38687480,0,0.5115763907249158,0.4784536994420565,0.5262461538461538,0.46443734,0.5101976412993211
38778191,0,0.548587754368782,0.4532722309231758,0.48525,0.4198103,0.32166118621826173
38968651,0,0.19090609606355427,0.4618661150336265,0.055597499999999994,0.10113786,0.026994514465332013
39260084,0,0.11934241883456702,0.44938200950622553,0.055555999999999994,0.16870269,0.09443415880203246
39415458,0,0.40400466844439503,0.4610942497849464,0.170975,0.18207392,0.11798360347747801
39432463,0,0.27542288452386854,0.4967572495341301,0.349475,0.3743915,0.29930553436279295
39500320,0,0.4651494830846786,0.5486993551254272,0.39525,0.254282,0.27197250723838806
39562337,0,0.37422467741099275,0.44997069564732634,0.19629272727272726,0.2792427,0.24091462330384686
39612968,0,0.28685106374323366,0.47022473365068435,0.09455,0.18195376,0.11255549788475036
39732538,0,0.3863293850651154,0.48913212739504297,0.34954153846153846,0.3076383,0.2754187510563777
39771859,0,0.4398778743403298,0.44532009192875455,0.4632857142857143,0.4397944,0.4174530553817749
40066744,0,0.1840066663920879,0.4472491219639778,0.1203,0.15618445,0.08545096516609191
40090394,0,0.5075685750693083,0.447957231849432,0.2406375,0.33868068,0.24483699277043341
40409464,0,0.48830957810084025,0.4469108492136002,0.477925,0.4740278,0.470999797185262
40465941,0,0.20080917676289875,0.45749345024426774,0.23182833333333333,0.25340652,0.11220000584920246
40746819,0,0.31430671148829986,0.5822256922721862,0.25524444444444444,0.19849859,0.14614507092369924
40756057,1,0.5643522441387177,0.6239571377635003,0.75095,0.7427996,0.6306558609008789
40961358,0,0.3934140707055727,0.47915654877821606,0.41775,0.29701588,0.17925834258397422
41026063,0,0.4029102891683578,0.447735071182251,0.3800181818181818,0.35095263,0.21062332608483053
41028872,0,0.3160959534347057,0.45462859719991683,0.1925,0.32856274,0.12829319238662718
41278103,0,0.21136991009116168,0.4450307175517082,0.07044,0.15804252,0.12511161267757415
41284579,0,0.11304168533533807,0.44307636916637416,0.10585,0.2530133,0.13639907836914061
41431093,0,0.3208916690200567,0.48310877010226244,0.3047625,0.26461536,0.2442490816116333
41464405,0,0.27471756935119623,0.4499300324916839,0.1702,0.24821838999999998,0.1967355918884277
41492671,0,0.2001115422695875,0.44555577039718625,0.08713625,0.20342961,0.12175529450178146
41508679,0,0.30304107964038846,0.44694563415315414,0.10562444444444445,0.11996524,0.11116472350226506
41580225,0,0.4529711016586848,0.46219341414315357,0.27322857142857143,0.33828703,0.2656989846910749
41685385,0,0.3537429958581924,0.5070772270361582,0.49865000000000004,0.38108521999999995,0.4459660212198893
41775180,0,0.43235626151164375,0.46403739194075266,0.33355833333333335,0.35379377,0.32979461272557575
41917144,0,0.3008727643977512,0.45771049938418645,0.29395,0.33447704,0.15058165300976145
42015503,0,0.26383752624193824,0.49494441350301105,0.13972666666666667,0.22004119,0.22829017837842305
42179387,0,0.3312349899361531,0.44649520168701806,0.3413175,0.40905985,0.3253407160441081
42247714,0,0.5560868893350873,0.5157671093940734,0.6181285714285715,0.64419997,0.5965390273502894
42289706,0,0.31255170269445937,0.45332661921327766,0.1359418181818182,0.15887429,0.06664834456010296
42508960,0,0.4491358751058579,0.506090828180313,0.54158,0.4906758399999999,0.3756939053535461
42522491,0,0.3380929160863161,0.4535997025668621,0.7700625,0.6850286,0.7061370849609375
42548078,0,0.3825745127267307,0.5314008000824186,0.47282777777777774,0.43974638,0.34323630664083693
42557035,0,0.29797929247220356,0.47714202046394344,0.15776866666666667,0.19285187,0.14040905555089314
42768831,1,0.5069384462558306,0.5098936165754612,0.5700384615384615,0.5796999,0.532253943498318
43001846,0,0.27301893830299373,0.46950704902410506,0.177625,0.10440163,0.04651487469673155
43074309,0,0.21905719302594656,0.4523679092526436,0.1907125,0.2906692,0.19136619865894317
43260468,0,0.36700761119524633,0.48530908425649005,0.1371666666666667,0.32534185,0.18345781962076824
43510444,0,0.25299631208181383,0.4492666870355606,0.3536,0.35548878,0.3694742202758789
43511248,0,0.4332444466650486,0.44495645053684707,0.18031875,0.29383188,0.22292824238538742
43973638,0,0.2604596018791198,0.44171233922243114,0.060965000000000005,0.26500908,0.10913623869419098
44052033,0,0.0536405868828296,0.4501149475574493,0.00817,0.1434515,0.018953275680541958
44077979,0,0.5269850827180422,0.5817969005841476,0.5125384615384616,0.48450583,0.4219336949861967
44081858,1,0.5534455582499505,0.44181750267744063,0.6183000000000001,0.512524,0.4681594848632813
44089476,0,0.21075127795338627,0.4786212995648384,0.0971475,0.15062758,0.1121947944164276
44105414,0,0.20670051798224445,0.452197128534317,0.1262925,0.21608679,0.05924268662929534
44183826,0,0.458501379764997,0.4588819187421065,0.2619923076923077,0.25536135,0.19987390041351316
44186328,0,0.33216894567012784,0.4444703340530395,0.210775,0.24854526,0.19973959326744078
44237892,0,0.40475995881216864,0.4977351703814098,0.4419142857142857,0.467084,0.339861011505127
44245404,0,0.22406874597072596,0.4507819533348083,0.09425,0.19352861,0.07239831089973447
44310633,0,0.21103829499334092,0.45662753432989117,0.22383,0.30976295,0.14237944781780243
44340090,0,0.17841239329427475,0.4457267160216967,0.08483083333333334,0.1835297,0.08023032546043395
44400837,0,0.15921902798470994,0.44700315027009874,0.1276057142857143,0.18950006,0.08421902883620487
44605145,0,0.24469093332688013,0.44624367091390815,0.11710000000000001,0.18916354,0.05434125926759506
44893083,0,0.37868371009826657,0.4382665147384008,0.20006666666666664,0.2433773,0.18520226081212363
45019995,0,0.26555911414325234,0.4403086297214031,0.056190000000000004,0.17668125,0.09407432973384856
45238348,0,0.22375194181998567,0.45983656247456867,0.181045,0.18207368,0.12407811085383097
45311436,0,0.36059026494622226,0.4526881799101829,0.289865,0.28490433,0.21836152970790865
45427880,0,0.3877577377217157,0.5191589278834207,0.23884857142857144,0.30934206,0.2890297821589879
45615669,0,0.14378095244367914,0.4516306082407633,0.06398666666666668,0.24564036999999997,0.07592703104019162
45638878,0,0.47782188951969146,0.4777731508016586,0.3553,0.40372714,0.26737339496612544
45659317,0,0.4514205574989319,0.6849607944488525,0.3894,0.33250123,0.12708207368850707
45806140,0,0.13410519230015133,0.4442290754879222,0.13634588235294118,0.18542472,0.08813009542577405
46017538,0,0.3479977735877037,0.44632056236267087,0.167315,0.22989785999999998,0.2579666566848755
46132864,0,0.513139708340168,0.5889912322163582,0.538775,0.4448305,0.48723483085632324
46207144,0,0.1999496749856255,0.4571997517889196,0.13644136363636364,0.23499206,0.10533080371943386
46210850,0,0.1680899521335959,0.4563755184412002,0.17707875,0.28950378,0.05869277566671371
46221940,0,0.23040454462170595,0.451769371330738,0.1027775,0.1253627,0.02975863516330718
46277626,0,0.07704825878429866,0.45775558856817394,0.07095076923076923,0.11552577,0.0894968876471886
46427378,0,0.33342399895191194,0.45447916388511655,0.14268857142857144,0.19247219,0.048740050622395094
46506942,0,0.25872996374964713,0.43832544088363645,0.056095,0.12346592,0.10038585662841795
46572212,0,0.1611991815268993,0.449925742149353,0.10603599999999999,0.101348616,0.03905184507369993
46650093,0,0.2532712237401442,0.45588866011662915,0.21061863636363637,0.24537413,0.21051167358051648
46677556,0,0.2231700364500284,0.44593124762177466,0.1626525,0.15126243,0.059163628518581375
46897303,0,0.11724801179952916,0.4451148234307766,0.10661,0.112376295,0.06662912964820861
47025301,0,0.17201909236609933,0.44405521750450133,0.08484249999999999,0.17330945,0.11455663442611694
47061472,0,0.32197720497846605,0.5075753891468048,0.32027,0.32862064,0.299877552986145
47100430,0,0.2914489805698395,0.4800957711303935,0.16793882352941178,0.21779475,0.12430728673934936
47114429,0,0.2661248392384985,0.44959205492683074,0.19402304347826088,0.2841088,0.21483856335930201
47129678,0,0.2093394115567207,0.43923505544662467,0.1379,0.1737483,0.12754990458488463
47143290,0,0.42641316923228173,0.5112045862457969,0.17449,0.28846666,0.3057637908241965
47596371,0,0.28289744721518617,0.4690875285201602,0.26896333333333333,0.26153347,0.18197984298070272
47742565,0,0.47254162728786464,0.6092610269784928,0.32730000000000004,0.18316412,0.169096314907074
47823320,0,0.25519947428256273,0.4570917800068855,0.12652125,0.13427112,0.07359648942947386
47856317,0,0.325144272084747,0.4563503697514534,0.12885892857142858,0.2023108,0.08860592884676796
47971417,0,0.38559611969523955,0.44469836420483055,0.3175,0.3512828,0.2641006615426805
48112814,0,0.3800575317875032,0.4975450813770294,0.3542806451612903,0.29395992,0.2897965911895998
48352133,0,0.5481427222490312,0.45247537791728976,0.98385,0.8982605,0.7476318359375
48393553,0,0.3805727008730173,0.4483645647764206,0.54315,0.5616895,0.4085534691810608
48457641,0,0.3110248351097107,0.44804753303527833,0.17268,0.2713708,0.13497458934783935
48719080,0,0.3166416588756773,0.44135374161932206,0.16420277777777778,0.21922866,0.08338949481646218
48774243,0,0.3579634464449353,0.44731970826784767,0.25435555555555556,0.24065122000000003,0.23441392050849064
48884977,0,0.3929090335965157,0.5329058756430943,0.24361166666666667,0.3002459,0.34296293258666993
48939096,0,0.23973251680533086,0.4552999476591746,0.12530407407407407,0.2066563,0.12861825669253313
49066123,0,0.5988559227723342,0.5719692097260402,0.45030000000000003,0.43452864999999996,0.4560772235576923
49161797,0,0.41505633667111397,0.44801868349313734,0.168725,0.20214295,0.1229521185159683
49375310,0,0.3428753308951854,0.44689172655344006,0.158275,0.23490062,0.14913320541381836
49391249,0,0.4949444517493248,0.4930821985006333,0.4436375,0.44456798,0.5031361818313599
49430090,0,0.39065950334072114,0.4568352967500687,0.13565,0.11023529000000001,0.11113838911056517
49810090,0,0.20522602796554562,0.46016348749399183,0.1262125,0.32071218,0.24316072463989258
49853600,0,0.18684385843574997,0.44884193450212473,0.119425,0.18778044,0.09909434676170348
50365813,0,0.5004153072834014,0.5010650157928467,0.4639,0.51177675,0.34446563720703127
50374511,0,0.24344524122201475,0.44901369122358464,0.08888846153846154,0.08823575999999998,0.0887980635349567
50495709,0,0.2543129947781563,0.47148388624191284,0.22137,0.3369608,0.1269907212257385
50507341,0,0.18757774581511813,0.4438139498233795,0.26766666666666666,0.28022593,0.17144060134887695
50525144,0,0.5097508092721302,0.47796883616182534,0.41634444444444446,0.44867587,0.43789124223921033
50739436,0,0.46589345633983614,0.48255330771207805,0.360975,0.30909488,0.24441163539886473
50743844,0,0.3601748263835907,0.4533401441574097,0.22894,0.2690598,0.23252277374267577
50872508,0,0.500265805210386,0.5787499266011374,0.38221428571428573,0.3834105,0.4078224114009312
50994818,0,0.3821946972608566,0.48765482187271114,0.20148000000000002,0.315133,0.15359343767166136
51100421,0,0.5471336884157998,0.4883757378373827,0.47541428571428573,0.45845622,0.4585060426167079
51174387,0,0.21656649236877756,0.49946236113707226,0.3668166666666666,0.38535499999999995,0.3264516194661458
51189801,0,0.23148861899971962,0.45158674865961074,0.119535,0.20013778,0.17544354200363158
51464573,0,0.44954940591539655,0.49096946247986384,0.21006857142857144,0.20690855,0.2881702354976109
51555712,0,0.3394202326734861,0.4430878053108851,0.3029,0.427073,0.3930733919143677
51819582,0,0.4412873885461262,0.467615270614624,0.38780714285714285,0.294001,0.3959413290023804
51953735,0,0.3698836799710989,0.5196049901843071,0.2021855,0.23130540000000002,0.24888768196105956
52457082,0,0.36065939868751323,0.44753384590148926,0.20480157894736842,0.28092885,0.2686723903605812
52862237,0,0.3087918831242455,0.4708079285091824,0.2409777777777778,0.23164956,0.18382359743118287
53033277,0,0.23759128302335739,0.45050842612981795,0.0956625,0.13096607,0.0386284977197647
53074907,0,0.1641552938148379,0.4515757590532303,0.1036675,0.15779886,0.08562834858894346
53096356,0,0.23539870642125604,0.48924895226955417,0.1928,0.31034428,0.2539213359355927
53327689,0,0.17240064798129925,0.45978008376227486,0.09774444444444445,0.25900063,0.12997740507125854
53538580,1,0.5053461521863938,0.4517024940252304,0.39334,0.34189668,0.35356032848358154
53755917,0,0.24817772768437862,0.4641461282968521,0.1281375,0.20501013,0.1608357310295105
53777518,1,0.4847554624080658,0.4627520093146492,0.5046411764705883,0.49184355,0.5386012329774745
53790466,0,0.2077433039993047,0.44766642928123473,0.122946,0.20294623,0.09784629166126249
53805149,0,0.34879624024033545,0.45334002375602717,0.1647925,0.1399162,0.1774822950363159
53811980,0,0.2958134344395469,0.506806872346822,0.31088205882352943,0.34826207,0.2934771320399116
53828544,0,0.473456335067749,0.600134778022766,0.3858,0.37052685,0.27900760173797606
53846142,0,0.4056929300228755,0.5337031145890554,0.46781999999999996,0.51437503,0.4620263497034709
53958116,0,0.17388885487560868,0.4722626981911836,0.07028703703703704,0.12762986,0.04486987325880261
54024725,0,0.19616651581600306,0.4639667097479105,0.08905,0.19072057,0.10949643626809119
54049548,0,0.3925740306194012,0.5006281495094299,0.23148153846153846,0.28790355,0.3199639861400311
54091667,0,0.2701286658644676,0.4451964199542999,0.17385,0.12541027,0.09134405851364134
54107620,0,0.5537661281915811,0.44981589546570405,0.38090769230769234,0.3450931,0.33387455848547126
54135403,0,0.25903157740831373,0.44744262218475345,0.073264,0.12729836,0.06964971542358397
54144982,0,0.2901791744865477,0.453764783591032,0.1345225,0.24510565,0.1251976303756237
54336340,0,0.40043051008667263,0.48283368561949047,0.2645321428571429,0.29213747,0.2678552048546927
54337461,0,0.27453150808811183,0.462409143447876,0.031052000000000003,0.06316735,0.031184985637664774
54422942,0,0.33990203887224196,0.44764977246522897,0.08678,0.1405401,0.10792088508605954
54903850,0,0.4867326151102017,0.452780717305648,0.3639282051282052,0.43248623999999997,0.31921011973650026
54930474,0,0.3526142433285713,0.4435864120721817,0.08137,0.11113026,0.1380766600370407
55026133,0,0.16383401776353515,0.4523638853005,0.0882152380952381,0.17672463,0.04858628341129846
55101707,0,0.21609748788177963,0.4521284371614456,0.450875,0.384662,0.3303767204284668
55148863,0,0.24401036426424977,0.44054717719554903,0.0461565,0.10081909,0.07524960100650786
55328144,0,0.3851172059774398,0.45030466198921204,0.173814,0.32217932,0.21797279357910154
55425513,0,0.15109124947339295,0.44357897639274596,0.05040875,0.09344778,0.05845365673303603
55477125,0,0.5409417861700058,0.5705104267597199,0.64143,0.6661769,0.5920540618896484
55824066,0,0.3119202837347984,0.4440827655792236,0.16459,0.25577536,0.19241547107696533
55887900,0,0.07998482584953301,0.49087725281715394,0.036375000000000005,0.059711147,0.036660677194595315
55979553,0,0.2965229047196252,0.4557440919535501,0.20759142857142857,0.27240452,0.22106078011648994
56122937,0,0.5058895280957222,0.5765550452470779,0.68397,0.7410734,0.5860047388076782
56308777,0,0.27870008856058115,0.44482141852378837,0.091626,0.15786748,0.06757510185241697
56417347,0,0.3298478423058987,0.4969334387779235,0.5612,0.46441230000000006,0.35565152764320374
56476342,0,0.38313254788517953,0.43998198360204693,0.26484375,0.25430846,0.1195362478494644
56534165,0,0.23700822591781612,0.44797810316085807,0.40305,0.46739975,0.22908669710159302
56744794,0,0.1925717063248157,0.46846390565236407,0.12050416666666668,0.13569999,0.0720877816279729
56755358,0,0.42713086456060406,0.46015220880508423,0.324575,0.32040882,0.15875048637390135
56758085,0,0.321719159334898,0.4418987661600113,0.17684899999999998,0.20941195,0.13093394517898557
56786695,0,0.13637011532600105,0.4456939142483931,0.12889307692307692,0.18285005,0.15181298347619862
56891634,0,0.18082271851599213,0.46313154995441436,0.164975,0.28425726,0.13951831758022307
56958395,0,0.4561074912548065,0.44404417574405664,0.38415,0.3628252,0.4715709686279297
57110501,0,0.290336187928915,0.45409556627273556,0.55985,0.34925652,0.19055373072624207
57358234,0,0.30307082512548994,0.4515900241477149,0.19771285714285716,0.15824655,0.10507438267980303
57398537,0,0.2209207348525524,0.4426533535122871,0.12371,0.19699375,0.050660842657089214
57426091,0,0.23145966165595583,0.4538436121410794,0.10800444444444444,0.21673265,0.1787500739097595
57459327,0,0.28182958753212634,0.4807244502979776,0.18903869565217393,0.27951092,0.21364784810854037
57477061,0,0.17614549677819005,0.44880447536706924,0.0318725,0.13030556,0.049468487501144374
57506084,0,0.2647580083459616,0.44653073288500306,0.085941875,0.1470187,0.08093348145484923
57627948,0,0.4044773896535237,0.44801440238952633,0.28909999999999997,0.21357787000000003,0.14207427501678466
58069814,0,0.33774161206351383,0.46774127549595307,0.2753111111111111,0.3071229,0.29094631009631683
58175193,0,0.43447052985429757,0.4397649861872196,0.43225,0.4122919,0.2928790390491485
58242433,0,0.5132411162058512,0.4490957419077555,0.4738,0.24832955,0.2788761774698893
58504402,0,0.3543656957149505,0.44564749836921685,0.19092599999999998,0.20287903,0.12967931509017944
58956049,0,0.3903382321198781,0.45325333178043364,0.44065,0.35099792,0.23194686770439146
59033502,0,0.30259589723178315,0.4427844707454954,0.3214835714285714,0.3314984,0.234660952431815
59065682,0,0.3325820706784725,0.4423832759261131,0.47946,0.4322571,0.45535583496093746
59081877,0,0.39518724560737606,0.4434666037559509,0.13737,0.1575799,0.21929189920425415
59084401,0,0.21545048579573628,0.455548258125782,0.290725,0.3609646,0.0902560144662857
59108165,0,0.28104001309941795,0.45065785506192374,0.1386564705882353,0.19175318,0.07863760765861061
59121500,0,0.22640403471887108,0.44324064925312995,0.034573124999999996,0.11776403,0.06499277353286742
59372191,0,0.2643298643556508,0.45056218721649866,0.27553636363636363,0.32561946,0.17799863273447208
59433028,0,0.5868023157119752,0.6494779039831723,0.6866352941176471,0.6322561,0.568071466333726
59538815,0,0.26544852331280705,0.4418938115239143,0.20915,0.3459634,0.22858188450336456
59722342,0,0.4430912956595421,0.44180432036519046,0.4619,0.43153006,0.4570528507232666
59776416,0,0.601925614476204,0.5907861068844795,0.7876,0.6401262,0.81011962890625
59809158,0,0.141753601655364,0.4544132068753242,0.082845,0.16067798,0.08298102617263792
59832361,0,0.3732458636164665,0.447856755554676,0.466475,0.35832897,0.3023611903190613
59839139,0,0.2962946146726608,0.45743886381387705,0.105185,0.23501167,0.1512477397918701
60101697,0,0.20473526358604427,0.4387183380126952,0.06332,0.091770366,0.04701206207275389
60104025,1,0.4048941224813461,0.46948895198958257,0.5559428571428572,0.5104812,0.4383323499134609
60161055,0,0.2576841361820697,0.4500577263534069,0.13038125,0.20004277,0.07925182580947875
60213971,0,0.06798869948834176,0.463805615901947,0.0385,0.04846587,0.019289284944534277
60415086,0,0.29530539095401764,0.45002504944801325,0.4561,0.50711226,0.555908203125
60463268,0,0.3202123541384935,0.44481197372078896,0.1361925,0.2093192,0.16439945995807648
60762131,0,0.21990929176410035,0.4391424167156219,0.07711186666666665,0.19259402,0.074976403315862
61125470,0,0.37875915450208325,0.48284509146914756,0.35864117647058824,0.40136704,0.3939491924117593
61145491,0,0.3454309604384682,0.4902470155195756,0.5333545454545455,0.40103635,0.4231770732186057
61152504,0,0.304205026825269,0.44626006205876667,0.31287333333333334,0.34061489,0.19515860001246133
61218774,0,0.37576547712087627,0.44444127231836317,0.506715,0.5140255,0.48496041297912595
61295629,0,0.24951534643769263,0.44094618111848827,0.060505,0.20509598,0.10404435396194457
61340059,0,0.2900609038770198,0.4467193514108658,0.1988875,0.18636094,0.10293985903263092
61423450,0,0.4874493479728699,0.683054792881012,0.902,0.7637695,0.88115234375
61738967,0,0.25162289539972943,0.4804736455281575,0.12435999999999998,0.16187157,0.12819984952608743
61740574,0,0.33456419706344603,0.4368771463632583,0.050025,0.13722686,0.25960402488708495
61842489,0,0.4372093149593898,0.5172771521977017,0.6140571428571429,0.56286633,0.5958321009363446
62041290,0,0.15814990518348557,0.46693631495748245,0.09285571428571428,0.1468652,0.07486062390463691
62588876,0,0.18002496324479575,0.4457556262612342,0.09306,0.12563805,0.09233848452568053
62699675,0,0.4076636642217636,0.4534318774938584,0.2688,0.37214565,0.46622924804687504
62723290,0,0.3017821572721004,0.4531606033444404,0.1653,0.15062805,0.07408355474472045
62758115,0,0.25237819850444787,0.502001166343689,0.12483749999999999,0.15416121,0.09970233440399169
62897350,0,0.4066696202754974,0.44880573868751517,0.49892000000000003,0.43711415000000003,0.5990300750732421
62933141,0,0.24366121739149088,0.4532670766115188,0.1005075,0.173543,0.1285613775253296
62947631,0,0.3938164969285329,0.521144887804985,0.3553266666666666,0.3074605,0.36467557152112323
62951892,0,0.2941718338429927,0.43714184790849686,0.0832395,0.12809837,0.09152339875698089
63017497,0,0.4671627868305553,0.51078366745602,0.4920363636363636,0.57042456,0.547979462146759
63050441,0,0.3474961563944816,0.4423971325159073,0.15373,0.20813389,0.3510833740234375
63102169,0,0.20226762359340983,0.45279557824134825,0.12034866666666666,0.2045012,0.09821814815203347
63167323,0,0.20503159649670122,0.4624005481600761,0.09254,0.161805,0.052950578927993756
63260552,0,0.30537959312399227,0.4397979443271955,0.1804,0.22638886,0.20675515234470368
63417534,0,0.21298306463286276,0.5128693357110023,0.3295375,0.4283449,0.4430032387375832
63525653,0,0.42649587243795395,0.44737339317798613,0.8755999999999999,0.7869385,0.7621449291706085
63537915,0,0.3395662529127938,0.5225629542555128,0.24820285714285714,0.24305196,0.18282743436949594
63611091,0,0.3988423919677734,0.4502813601493836,0.137488,0.27294087,0.09394964218139647
63745433,0,0.4615415900945663,0.46194456070661544,0.461975,0.35258034,0.3703155517578125
63788818,0,0.30372138060629367,0.4445587486028671,0.2911875,0.22929814,0.22809054404497148
63848365,0,0.4424134451150894,0.4658005475997925,0.26505999999999996,0.43751574,0.3421000671386719
64031193,0,0.24260273233056068,0.4507034569978714,0.20846400000000004,0.25159267,0.06965325355529783
64060310,0,0.24083140483126042,0.4526668235659599,0.083570625,0.14298825,0.05981068685650824
64182595,0,0.24080126807093616,0.47240962088108057,0.0799375,0.16182297,0.05375241339206693
64213855,0,0.2702642878348177,0.47852805771610946,0.19104045454545454,0.2655841,0.22282113378698173
64240668,0,0.36291297674179074,0.5509996252400534,0.22792714285714286,0.3246644,0.22957778147288727
64245595,0,0.25594697400279665,0.46794864379841344,0.19736652173913044,0.25685993,0.2010638890059098
64313714,0,0.19903913475573057,0.4476060956716537,0.033111,0.13252881,0.06129724085330962
64544560,0,0.43198180377483364,0.49561482270558677,0.4561266666666667,0.43044096,0.4052428770065308
64548642,0,0.4174956719080607,0.45036788251664905,0.20924444444444446,0.2213912,0.16286176045735676
64671657,0,0.3171120915561914,0.4535645842552185,0.15946875,0.20756344,0.09444618225097655
64674416,0,0.36089609712362286,0.4421609729528427,0.10668,0.16250964,0.08054959774017333
64865128,0,0.39646091103553766,0.4551247453689575,0.2692,0.28775072,0.11334243297576903
64901647,0,0.4613166677455107,0.4955353644986947,0.4509125,0.34721518,0.3690124049782753
64909880,0,0.4621660470962524,0.4662198853492737,0.22936,0.28600985,0.29178732872009283
64930998,0,0.19104433646425603,0.4576328385621309,0.13148875,0.18960792,0.0967089407145977
64956425,0,0.2206018283963203,0.4382742553949356,0.07151,0.20795651,0.1176487922668457
65134625,0,0.3627735061865104,0.46704939007759094,0.5265394736842106,0.4039088,0.3514759647218805
65164528,0,0.27260185301303863,0.4428309679031372,0.248252,0.3497918,0.20879299163818357
65275558,0,0.30777393877506254,0.4796343937516212,0.209775,0.2645408,0.28911895751953126
65309824,0,0.26832543374860984,0.4601700646035811,0.14411941176470588,0.20204285,0.1447731144288007
65429326,0,0.3556313086639751,0.5208119213581085,0.3346081818181818,0.3523706,0.277450074932792
65593918,0,0.3729591662685076,0.46723034183184303,0.4984333333333333,0.42693414999999996,0.46958151261011755
65701354,0,0.3816869333386421,0.43959045559167864,0.1662125,0.24456754,0.1800142526626587
65731278,0,0.4440732889450513,0.4977260140272287,0.6483153846153846,0.5335741,0.6190196871757507
65756803,0,0.5193100057542324,0.4929917246103287,0.7680125,0.65045106,0.692852783203125
65863447,0,0.20190265290439124,0.4531529337167739,0.1150825,0.16629456,0.10677099227905272
65948322,0,0.2357842687517404,0.4640087693929672,0.190075,0.18530655,0.15167702734470367
66248703,0,0.3547362503906091,0.47086358765761055,0.23393333333333333,0.22807196,0.16956380903720855
66312858,0,0.3297844895294734,0.4832892293021792,0.39230000000000004,0.41718835,0.35381481761024114
66468492,0,0.3626133797069391,0.49723129719495773,0.34960833333333335,0.3239239,0.3051998645067215
66988177,0,0.4146271609597736,0.5232566489113701,0.20547777777777776,0.2571591,0.22260341511832346
67126436,0,0.199877905100584,0.4472113847732544,0.13735,0.22709158,0.1160672903060913
67159660,0,0.22856906503438945,0.45789518505334853,0.31530749999999996,0.4560791,0.21219942569732667
67305773,0,0.20096251351589503,0.47596943080425264,0.18778181818181816,0.26339224,0.17663578553633255
67326325,0,0.39168004937031686,0.4370249334503622,0.24306117647058822,0.30487972,0.1463392040308784
67388291,0,0.36207991739114126,0.5017136981089909,0.249845,0.26882035,0.23382743199666342
67444204,1,0.39686337649822234,0.5542918006579082,0.47642666666666666,0.40748772,0.43608865102132166
67465812,0,0.44771371744573113,0.44511863254010675,0.5659875,0.5327007,0.4869879029691219
67513566,0,0.21325677260756487,0.4422168776392937,0.141075,0.31993595,0.14346054196357727
67636444,0,0.4999097421765327,0.45215782970190044,0.298175,0.2951848,0.27727611064910884
67650350,0,0.47685014903545375,0.47348276674747464,0.43809999999999993,0.32232952,0.18077049255371092
67679925,0,0.25345344609684406,0.4649064759413401,0.15939111111111112,0.18972254,0.16609738535351223
67680092,0,0.24522456694394346,0.45407685525715347,0.1433975,0.23141041,0.1796350747346878
67696470,0,0.3686386691199408,0.4430538045035468,0.14875555555555556,0.18993443,0.13103098339504665
67784057,0,0.284661853313446,0.46266115407149,0.4534833333333333,0.36670238,0.21291942596435545
67936585,1,0.4785743072628975,0.5871447831392288,0.49407500000000004,0.5586875,0.4389311611652374
67960111,0,0.22942357584834094,0.4438566565513611,0.50689,0.3616155,0.2531092345714569
68027305,0,0.28293469510972497,0.4585499823093414,0.358265625,0.3748384,0.2694905556738377
68047969,0,0.5076389822694991,0.4493459145228068,0.5195222222222222,0.4173754,0.5148910813861423
68295012,0,0.26726293116807937,0.44365178644657133,0.18445,0.21078205,0.09196207523345948
68328564,0,0.29846794381737707,0.43978602041800813,0.37909166666666666,0.41497572999999993,0.30435715317726136
68376353,0,0.38658569838319506,0.5230008023125785,0.32162285714285715,0.2691254,0.25322371550968714
68532779,0,0.4181253391007582,0.5212906589110692,0.34310833333333335,0.2900464,0.26559909085432687
68678211,0,0.22312497744957605,0.44279222587744393,0.15272666666666665,0.20999797,0.1173065940539042
68719067,0,0.09511279845610257,0.4466058120131492,0.0603375,0.18677215,0.10594526231288907
68853011,0,0.486842251420021,0.5374293357133866,0.59049,0.629625,0.622691650390625
68861793,0,0.514530023932457,0.5751640743017197,0.37571699999999997,0.40951785,0.3401020681858063
68878199,0,0.4851822853088379,0.6651942074298859,0.7346999999999999,0.65061647,0.5127685546875
68907519,0,0.3069220623799732,0.44684501120022363,0.15634285714285714,0.24685721,0.10031707968030656
69170216,0,0.2609106549993157,0.44259113743901246,0.1817875,0.23344608,0.10296260565519331
69339680,0,0.45670885443687437,0.44219019711017604,0.18025,0.2832387,0.2760749816894531
69345098,0,0.13627700358629224,0.44234265287717184,0.31628666666666666,0.3595034,0.21345399220784503
69471080,0,0.3798986184597015,0.4495870327949524,0.29412,0.4557429,0.3649285888671875
69471119,0,0.45728379786014556,0.4702169895172119,0.248185,0.26035753,0.21359418630599974
69678701,0,0.4092811398208141,0.4684348557144403,0.2640875,0.23053627,0.16892102807760237
69719640,0,0.2933454500304328,0.44490763081444634,0.35178888888888893,0.33406702,0.17981845008002384
69960780,0,0.23816291374110038,0.46290665751411797,0.22433809523809525,0.25978747,0.15666777122588385
70067811,0,0.49512330144643785,0.48362888470292087,0.727025,0.6462997,0.7102127149701118
70160783,0,0.24190217554569243,0.4422106549143791,0.024618750000000002,0.06338122,0.057861073315143556
70165566,0,0.39717366695404055,0.47605810893906486,0.1973111111111111,0.25882885,0.24700183868408201
70271293,0,0.4287021644910176,0.48054816087087,0.37851999999999997,0.33350545,0.3869827842712403
70550267,0,0.4656026405947548,0.5226898908615112,0.4331285714285715,0.475272,0.33820372479302546
70551441,0,0.2287438906729221,0.44951196977725394,0.15408346153846153,0.18675116,0.10498961943846481
70875429,0,0.42151450117429096,0.4472943286101023,0.211225,0.21374984,0.22565725644429524
70941549,0,0.5196267783641815,0.45138503462076185,0.54295,0.5197185,0.5069992065429687
71006672,0,0.38680805265903473,0.4392359763383865,0.21889999999999998,0.18356228,0.0675784111022949
71048349,0,0.6308798980712891,0.6268532729148865,0.79536,0.7298462,0.8559008789062499
71215962,0,0.24166963299115496,0.444974089662234,0.17298166666666667,0.23235707000000003,0.18897946278254188
71265732,0,0.3142875337352355,0.4873276690642039,0.38831666666666664,0.28979942,0.2976982116699219
71371287,0,0.2529005318880081,0.4629237270355224,0.16308,0.29628927,0.29273602247238156
71523754,0,0.26698489487171173,0.45035188794136044,0.327425,0.32184035,0.17975807189941406
71537033,0,0.20559589217106497,0.4427183416154649,0.02253222222222222,0.10602585,0.027739102310604502
71543864,0,0.25429289340972894,0.4431656032800674,0.352325,0.26622373,0.10562490224838256
71572585,0,0.37052939633528387,0.4552416433890661,0.4426,0.3425092,0.4538829015360938
71652660,0,0.23704661006728803,0.4500940273205439,0.14128833333333332,0.19717827,0.12847648461659747
71681612,0,0.42601265758275986,0.4523826584219932,0.2902,0.27093348,0.10506269931793212
71698780,0,0.43087120254834493,0.45213493307431535,0.18220833333333333,0.23203409,0.20016083121299744
71759372,0,0.4733791702985764,0.47846875727176663,0.58868,0.5324204,0.4364262580871582
71773735,0,0.1583784848451614,0.45290497541427605,0.08067666666666666,0.13154031,0.07842496236165364
71886112,0,0.26413045972585675,0.442543788254261,0.1350075,0.22587433,0.047360959649085994
72078902,0,0.17937495261430736,0.44272078126668923,0.067585,0.24888334,0.04905155301094053
72272346,0,0.32553336513893943,0.4366139411926269,0.2317357142857143,0.31493288,0.1691016103540148
72317217,0,0.23781468203434575,0.4415722576471475,0.22241307692307694,0.29928333,0.14277834250376775
72327979,0,0.4029966443777084,0.443624760210514,0.38875,0.36795348,0.46258777379989624
72536648,0,0.10932905274132883,0.45060751676559446,0.032522,0.06572781,0.04275908867518106
72540370,0,0.445817365248998,0.5283455471197763,0.42161904761904756,0.37061515,0.39576117878868466
72589629,0,0.33912080625693,0.45479999929666515,0.281285,0.24783444,0.2512547810872396
72975177,0,0.3134113336602847,0.47065036694208784,0.27981666666666666,0.32648167,0.2952800114949544
73046660,0,0.32023659795522685,0.45483453944325447,0.1663075,0.28511852,0.2106061577796936
73163840,0,0.49704234674572945,0.44514244124293323,0.739225,0.6271245,0.7438110828399658
73549961,0,0.29118562142054233,0.46889068682988483,0.07226333333333333,0.17968181000000003,0.0793736159801483
73642697,0,0.19314721459150308,0.46017261147499083,0.0759684,0.15562253,0.1493375949859619
73720101,0,0.21737842227403933,0.4445277016896468,0.16361076923076923,0.23927093,0.09576682952734138
73737392,0,0.4316598549485206,0.6443954840302467,0.413675,0.34555894,0.2996161460876465
73788029,0,0.42123372505108514,0.4973080346981684,0.29282,0.34513277,0.3004222601652145
74155734,0,0.38445744216442107,0.447819110751152,0.2724,0.24883695,0.12261026799678802
74171912,0,0.2907747846096754,0.44625774845480914,0.1081275,0.33230215,0.27111153602600097
74362176,0,0.4596817764368924,0.5350529399785129,0.4903181818181819,0.5592946,0.5273523287339644
74404506,0,0.3308495600636189,0.4549591658207086,0.32471153846153844,0.3731469,0.2848608530484713
74461407,0,0.19425110615351618,0.44970380698933315,0.10035058823529411,0.15904078,0.23538729723762064
74480942,1,0.4383320868015289,0.48132722079753876,0.7107,0.63583374,0.6410064697265625
74543280,0,0.38324733753999074,0.46831843535105383,0.2869533333333333,0.31845319999999994,0.14414019187291463
74607896,0,0.38325382197225416,0.4393762797922702,0.24536216216216217,0.20143214,0.12917190500207848
74746449,0,0.4709615796804428,0.6914672911167145,0.35775,0.22380772000000002,0.15358285903930666
74881901,0,0.18833440020680425,0.44799438218275706,0.10439999999999999,0.078576975,0.08092755675315856
74926913,0,0.3717416865751147,0.4461566474288702,0.201586875,0.16296327,0.13902388364076612
75028825,0,0.22777709836761156,0.4447123090426126,0.08224222222222223,0.17694752,0.05749431318706935
75069502,0,0.35377827201570783,0.5041580157620567,0.5070571428571429,0.4466695,0.47028516360691613
75173196,0,0.2795271679759025,0.4379977725446224,0.1003,0.17299321,0.07065059393644331
75398080,0,0.20416409571965533,0.4463662286599477,0.07690333333333334,0.10776714999999999,0.14648899833361306
75472882,0,0.21939543968155265,0.4762792564573742,0.11788333333333334,0.19841847,0.1330401091348557
75606293,0,0.17176212942337288,0.45897631820510415,0.15600470588235293,0.100471154,0.09031399348202872
75659941,0,0.21627122101684407,0.4584647377332052,0.036685,0.057701003,0.0798391411701838
75953656,0,0.4050041589140892,0.4557509803771972,0.587612,0.52251756,0.5539192199707031
76151958,0,0.08867631107568735,0.4419014185667038,0.0814,0.07213254,0.02276927232742307
76434548,0,0.25980290342122314,0.4527946449816227,0.2301875,0.3095891,0.10137346386909483
76492905,0,0.3814189029236634,0.5371268143256506,0.27515,0.34365803,0.3504584948221842
76691669,0,0.4084150284528732,0.434093713760376,0.15605000000000002,0.21501207,0.2583992719650269
76868792,0,0.14426165312528605,0.44493031263351435,0.08777,0.19003001,0.06415919780731198
77184886,0,0.312383297085762,0.4422649318757264,0.08579086956521739,0.12384952599999999,0.08216591140498285
77485183,0,0.12057121898978945,0.4456259191036224,0.0689625,0.17618334,0.11396304070949553
77750165,0,0.37421812131291343,0.47347306296938935,0.1748547619047619,0.20940236999999998,0.1749342049871172
77783679,0,0.16756265573203558,0.4398774310946464,0.11545,0.25685564,0.1472430109977722
77940592,0,0.37769633554495297,0.46013171351872956,0.20500538461538462,0.18812561,0.13675944346647995
77958779,0,0.4812725375096003,0.48488707741101583,0.3510166666666667,0.33646694,0.5008126735687256
78034935,0,0.38834932669997213,0.4586280703544616,0.195375,0.18837468,0.14525531381368637
78240202,0,0.36407190933823586,0.4498742699623108,0.21595,0.25176764,0.21182403564453123
78254706,0,0.28718482724257877,0.4927433609962463,0.12452285714285714,0.1952169,0.1807476418358939
78320641,0,0.3122584290802478,0.4430471241474151,0.208675,0.23351249,0.34201698303222655
78545403,0,0.5130177923788627,0.5157068225244681,0.44985416666666667,0.34812397,0.36233179171880087
78560761,0,0.13764493254323795,0.44403761972983674,0.06300133333333334,0.14128494,0.07608103255430856
78680613,0,0.24483153117554526,0.44301704338618686,0.1781542857142857,0.2967762,0.2974838316440582
78783259,0,0.30543098971247673,0.4431020811200142,0.16675,0.2414914,0.09235672652721404
78885989,0,0.23726724505424496,0.44585822224617006,0.24034,0.36681998,0.33771982669830325
78987720,0,0.16185755655169481,0.4459474414587021,0.019178999999999998,0.110030554,0.04670993089675901
79088878,0,0.5419719653470175,0.45461113793509345,0.27922857142857144,0.30468,0.23076557091304234
79090573,0,0.32967669452939713,0.532433795928955,0.2956857142857143,0.4568912,0.3939462150846209
79130342,0,0.2817266885191202,0.45192906484007833,0.2649875,0.3390696,0.15124810338020322
79345837,0,0.5463054042309523,0.49720835089683535,0.40418750000000003,0.42004365,0.45789775252342224
79366482,0,0.374185111746192,0.44691309109330174,0.14344333333333334,0.1343318,0.14428584376970927
79370807,0,0.43747833802914005,0.4717503223663721,0.3637374358974359,0.36613837,0.26189501866316184
79424592,0,0.2543127693235874,0.4458149756704058,0.11488380952380953,0.18554002,0.12137460822150821
79434246,0,0.3763135995183672,0.44723980426788323,0.2782,0.3545436,0.35359492642538887
79689307,0,0.36037731543183327,0.46694084778428074,0.30302,0.30852675,0.3321188688278198
79707639,0,0.3053852907111568,0.4643708673215681,0.29636741935483873,0.37730762,0.33482160760510354
79748345,0,0.2670376772681872,0.4454272369543711,0.14764,0.16963804000000002,0.1288318077723185
79953876,0,0.36967655509710307,0.5446149241924285,0.28013499999999997,0.26831037,0.3375395381450653
80031674,0,0.3772235356271267,0.45410624444484704,0.112385,0.15872784,0.09453135430812835
80044438,0,0.20087976101785895,0.4529224708676338,0.10725,0.15774147,0.07728379368782042
80107162,0,0.16156925211350118,0.43906130294005075,0.018074166666666665,0.11039144,0.02768244544665017
80144714,0,0.3951083027323087,0.4620427598555883,0.14994233333333332,0.22667763,0.1904050580660502
80300199,0,0.4267640165984631,0.5258143231272697,0.37653749999999997,0.52658385,0.4473961353302002
80349808,0,0.23819625899195668,0.45459696799516675,0.269475,0.16699822,0.4010528564453125
80370301,0,0.29179010167717934,0.4614379525184631,0.1199175,0.15241471,0.13339315503835678
80395863,0,0.19410718817796022,0.4627448873860495,0.28965785714285713,0.25779158,0.22153768880026678
80489375,0,0.4244525879621505,0.4679732009768486,0.14605375,0.16647688,0.13576268106698988
80540878,0,0.3980760408772362,0.45158978568183045,0.19115888888888888,0.15461466,0.16182681984371608
80831419,1,0.472673836350441,0.47723369896411894,0.2843,0.29338378,0.2105459213256836
80992179,0,0.26126407938344137,0.43689274532454353,0.3433342857142857,0.3703841,0.2504486356462751
81100094,0,0.34248434379696846,0.44475440382957454,0.13736,0.30511895,0.34131288528442383
81242187,0,0.38989575494612966,0.4688343133245195,0.42231785714285713,0.42051464,0.35270568898745946
81306640,0,0.2795554272830486,0.44769888520240786,0.1133275,0.24512568,0.16552867293357848
81776498,0,0.29916148558259004,0.4551775366067886,0.29185,0.3155109,0.1928970217704773
81894576,0,0.4333861509958903,0.5446303884188334,0.4071533333333333,0.5501468,0.48807797431945804
82356008,0,0.4950920224189758,0.4438108503818512,0.2047,0.3612811,0.33441619873046874
82462381,0,0.39305841856532625,0.5892769628100925,0.849011111111111,0.9002563399999999,0.6361997816297743
82558096,0,0.20787916742265222,0.44311144500970834,0.1141125,0.15484376,0.14310934245586393
82665622,0,0.4484282553195953,0.44248383045196527,0.1938125,0.2924613,0.22476330399513245
82839830,0,0.2533499496057629,0.44338757917284966,0.22503125000000002,0.27914432,0.1789916843175888
82888444,0,0.4721426360309124,0.49849521964788435,0.5876,0.59974444,0.6380022525787353
83121303,0,0.3451407879590988,0.4430711172521114,0.12417500000000001,0.13489778,0.12359541952610015
83131591,0,0.1419332810491323,0.44169165372848507,0.11860200000000001,0.13972665,0.09757620096206664
83240544,0,0.3082112684845924,0.4514927566051483,0.183305,0.07877109,0.07405381798744201
83417140,0,0.2941634827039458,0.47960942712697113,0.11856272727272726,0.2155939,0.3150145942514593
83493927,1,0.323856949309508,0.4632125640908877,0.23404916666666667,0.2593013,0.22979984680811563
83627938,0,0.23864414915442464,0.4400964498519897,0.15825,0.23596573,0.09869660735130309
83653265,0,0.3559011695285638,0.4487091849247615,0.1446525,0.24741495,0.21597989002863563
83714917,0,0.4198975777626037,0.4548244071006774,0.19648000000000002,0.2860791,0.35621307373046873
83782494,0,0.3526702247560024,0.4486760690808296,0.317,0.2520071,0.27992684245109556
84036451,0,0.40496275154027067,0.438125569712032,0.3737818181818182,0.41403389999999995,0.26676942651922053
84112548,0,0.20718862432986496,0.47149855792522427,0.1102625,0.18442567,0.10883174538612364
84207586,0,0.3171642381697893,0.47481043115258215,0.350925,0.282713,0.20190985202789305
84333998,0,0.2816952610388398,0.5144723743200302,0.2160375,0.37697062,0.2659269690513611
84345572,0,0.2638340796033541,0.4587329771783617,0.28106,0.2534923,0.2941947897275289
84552527,0,0.18641453935549807,0.45490412757946896,0.04697615384615385,0.107626475,0.04635307788848875
84660954,0,0.1886059693992137,0.4581971853971481,0.1096775,0.14136687,0.287871441245079
84683668,0,0.36272443018176337,0.45217485427856446,0.2502381818181818,0.31924182,0.32785204974087806
85013268,0,0.3913984142243862,0.5036541007459163,0.2509125,0.26966286,0.30734916925430295
85057716,0,0.2620696576105223,0.4551568627357483,0.11118333333333334,0.14965832,0.09703698688083223
85072828,0,0.1809562372187009,0.44846617533610417,0.048732,0.15418875,0.06523892329289362
85111132,0,0.3506233215332031,0.4509305313229561,0.12234700000000001,0.22316006000000002,0.12224366366863251
85208629,0,0.1823668809800312,0.4615449202471766,0.0813858620689655,0.17312054,0.07544877734677544
85292953,0,0.17026389800012107,0.4685265555977821,0.145095,0.27446932,0.21568667590618132
85337232,1,0.37196646937818234,0.46190455718473955,0.29463636363636364,0.29000172,0.30732873714331427
85622037,0,0.2958567634224891,0.44504380971193314,0.157885,0.20032449,0.1999256670475006
85710543,0,0.36215415298938747,0.43347638547420503,0.11802499999999999,0.15638924,0.06037061214447021
85733251,0,0.3532653890158,0.4513502227632623,0.21529684210526315,0.23487866000000002,0.2398057686655145
85808833,1,0.7093980610370636,0.7345816731452942,0.73715,0.69141847,0.921435546875
85814542,0,0.26751678511500354,0.4494662046432495,0.0540575,0.13619201,0.05862007141113278
85890725,0,0.3235711125227121,0.5267121649705446,0.2124976923076923,0.33385384,0.22891045075196487
85891692,0,0.3557603806257248,0.47720271696647004,0.166185,0.24783864999999997,0.2306405246257782
85950117,0,0.35367435589432716,0.44683783054351806,0.2886,0.29851574,0.21945585012435914
86017698,0,0.2968900457024574,0.47420048117637636,0.1794,0.14094397,0.1497122287750244
86088583,0,0.21560714443524676,0.44088769422637086,0.21374444444444446,0.31724387,0.15472368664211697
86099997,0,0.32586768427315876,0.45656005354488594,0.09213235294117647,0.13485408,0.08415018390206729
86142987,0,0.21506899272402125,0.4468723580241203,0.11961083333333333,0.23722546,0.07897326151529946
86281035,0,0.35459776123364767,0.4948209385077158,0.29846666666666666,0.3274967,0.36815826495488485
86302336,0,0.3348863081137339,0.46942275206247963,0.13905933333333334,0.22610883,0.11247211058934528
86417900,0,0.27134451344609256,0.45784209221601485,0.14,0.22542426,0.0798690915107727
86515437,0,0.2942244790494442,0.440263107419014,0.206665,0.27258605,0.240185546875
86553442,0,0.4137920734783013,0.4683586234847705,0.42474999999999996,0.34188219999999997,0.2293201873699824
86575103,0,0.4084106355905533,0.44203972101211547,0.23256000000000002,0.23030895999999998,0.22193925857543945
86581417,0,0.3937530356645584,0.5052948844432831,0.43691800000000003,0.45192513000000006,0.2830116653442383
86623355,0,0.47796699234417506,0.5334176514829908,0.6401428571428571,0.5762306,0.5055015410695757
86630901,0,0.2853318627302845,0.46892808477083836,0.24380000000000002,0.31840044,0.15792566587527593
86679941,0,0.18045866906642913,0.45769796013832087,0.11059300000000001,0.20385773000000001,0.13031107664108274
86699124,0,0.0945040380582213,0.4460821762681007,0.0487475,0.15161309,0.09486634731292723
86809109,0,0.33092013895511624,0.48501847088336947,0.252,0.25472277,0.24912452697753906
87019543,0,0.11817608010023828,0.45768441706895824,0.08731,0.21625943,0.08246436119079588
87035349,0,0.2874553384428674,0.4513969052921642,0.0946259090909091,0.13023981,0.09360695481300353
87210973,0,0.49294289549191794,0.4858558118343353,0.4389,0.2534101,0.4717302958170573
87494005,0,0.47180606871843334,0.5140899017453193,0.500325,0.52224445,0.4187891006469726
87515544,0,0.42545215636491773,0.450521020591259,0.38287499999999997,0.40252075,0.21545515060424805
87529208,0,0.5204113530261176,0.5207359901496342,0.43947142857142857,0.35877743,0.41354163714817593
87565235,0,0.12739467862993478,0.46589570343494413,0.062545,0.13253027,0.054033043980598425
88005458,0,0.16405661609023808,0.4495567515492439,0.11075,0.12392094,0.04773440361022949
88219237,0,0.29423275649547576,0.44570660988489785,0.26133666666666666,0.22649972,0.2061202017466227
88296204,0,0.5465780925005674,0.5321900904178619,0.49085,0.49375525,0.403992660343647
88321943,0,0.45478466302156445,0.6642881527543067,0.316825,0.24300376,0.1699912905693054
88410981,0,0.3190131479501724,0.5007572275400162,0.36219999999999997,0.34231696,0.36751440525054935
88509059,0,0.4826845109462738,0.47354655116796496,0.5522750000000001,0.4335389,0.39539101123809817
88633658,0,0.3535429676031244,0.4728624633673964,0.29787,0.26703265,0.23125572410123102
88695973,0,0.4639358037047916,0.5897539926899804,0.7006333333333333,0.7129402,0.7218837949964736
88734837,0,0.17687137772639586,0.44125830133756,0.1665,0.2736102,0.10678825775782265
88769579,0,0.29937699460669565,0.5019599334189766,0.28491947368421056,0.24314420000000003,0.23019103251005474
88776251,0,0.48604796975851056,0.5691000849008561,0.49092500000000006,0.47305733,0.5061921924352646
88800223,0,0.2370296413699786,0.4488587458928426,0.11030000000000001,0.10969730500000001,0.08065761526425679
89068787,0,0.15672986060380928,0.44469097256660456,0.1269,0.20929089,0.10961766839027402
89149232,0,0.23184826516856746,0.4651673177878062,0.20668958333333332,0.25050905,0.12620900571346283
89285354,0,0.3518064800472486,0.5094605091072264,0.36493333333333333,0.40805578000000003,0.32346104213169646
89301895,0,0.20097326822578904,0.45907469689846037,0.07146,0.09544883,0.10341868400573728
89313837,0,0.2869521144777536,0.45541936382651327,0.09123,0.15356383,0.1151730179786682
89417058,0,0.40822489857673644,0.45314142405986785,0.259,0.228978,0.33817062377929685
89437875,1,0.4703284955024719,0.4635172265768051,0.41756000000000004,0.35714722,0.3524643290042877
89565131,0,0.26197832413017746,0.450285379588604,0.0934275,0.18470864,0.12651174068450927
89613443,0,0.483316953976949,0.6953429460525512,0.5168,0.37907308,0.5392363230387369
89643032,0,0.11923759821802372,0.44711622595787043,0.020700000000000003,0.10265158,0.07011187672615049
89822412,0,0.23098057985305784,0.4463470220565796,0.19274,0.27461275,0.19208844423294066
89958411,0,0.4469736501574516,0.6564711824059486,0.434175,0.33755952,0.46641072928905486
90148800,0,0.28860789127647873,0.4474315539002418,0.14880125,0.22477815,0.13547301292419434
90183991,0,0.23939862623810765,0.4544167071580887,0.16565,0.19773147,0.07447840869426725
90277073,0,0.4209635688198937,0.4953302866882747,0.19469777777777775,0.2538448,0.23249787357118393
90322226,0,0.2695546172559261,0.4562715336680412,0.10065,0.17770694,0.19387330412864684
90354219,0,0.34749638959765433,0.4508653958638509,0.2577416666666667,0.26407337,0.18162058591842653
90424699,0,0.20945804230868814,0.46908445209264754,0.0702425,0.09617019,0.06752244532108306
90460767,0,0.28021588735282416,0.4775519117712974,0.2994,0.3350853,0.21106185913085937
90789423,0,0.3183269694447517,0.44527137130498884,0.08667,0.15624408,0.12469904422760009
90803574,0,0.3966085072606802,0.45691980967919027,0.20783083333333333,0.296949,0.18688672731320063
90940722,0,0.3965367868542671,0.4457135438919067,0.13112500000000002,0.15537766,0.06892836689949033
91084739,0,0.22718656753238875,0.45316165811137143,0.16630473684210526,0.2901327,0.1413343034292522
91160979,0,0.3605945959687233,0.44278316050767896,0.22594999999999998,0.1918387,0.15638015270233152
91226581,0,0.39082213789224624,0.468382454290986,0.4740375,0.4416502,0.6272943496704102
91233019,0,0.306073522567749,0.44525730013847353,0.089925,0.09235664,0.11511172056198118
91285291,0,0.4164960891008377,0.47534316107630725,0.15561125,0.22959462,0.12604077458381652
91300507,0,0.16005768844236926,0.44629690051078796,0.047216666666666664,0.09595687999999998,0.05177300969759622
91306861,0,0.3887924138988767,0.5534037368638175,0.35963571428571434,0.34134808,0.3306624736104693
91337866,0,0.4849451810121536,0.6966452151536942,0.38687499999999997,0.35511857,0.5277839660644531
91388306,0,0.13750779591500756,0.44634034186601634,0.1157125,0.22885537,0.07647675275802611
91508086,0,0.4616405129432678,0.4999705739319324,0.32284375,0.34965166,0.28746422231197355
91568691,0,0.292478296905756,0.44696933925151816,0.09526,0.15308602,0.061473321914672835
91575962,0,0.1386629415675997,0.47105366140604016,0.0593425,0.08719573,0.07109017074108123
91603974,0,0.46073592752218245,0.5595484501123428,0.36553,0.31167966,0.21119252800941468
91622283,0,0.10901743434369562,0.44142016768455505,0.0293175,0.15694128,0.06477289199829099
91837955,0,0.2807874344289303,0.4439169958233833,0.100815,0.12915984,0.10683872699737548
91967638,0,0.4033310890197754,0.4540962740778923,0.25123125,0.24148157,0.2343239367008209
92010387,0,0.5548362415570479,0.4517318436732659,0.48367692307692306,0.42588735,0.37555271112001865
92040603,0,0.23866689394820817,0.4445789033716375,0.048855,0.13905658,0.08461964889006181
92177946,0,0.30132801053114233,0.49571443349123,0.19206937500000001,0.2849189,0.2849697366356849
92360592,0,0.4268839690420363,0.47477984869921647,0.2708762962962963,0.33799296999999995,0.49590127026593245
92369703,0,0.1368567958474159,0.44443920254707336,0.066515,0.14173491,0.04024078845977782
92375290,0,0.2343447869022687,0.4383251518011093,0.10623333333333335,0.15960422,0.12927334705988566
92563232,0,0.38054994965593014,0.5117061212658882,0.25200625,0.27258664,0.28900565107663473
92788653,0,0.13205894331137336,0.4720466567410363,0.05361777777777778,0.13396728,0.05720935000313651
92911640,0,0.40504069253802294,0.45927112773060796,0.17629625,0.2355494,0.18971830457448957
92974636,0,0.298346796631813,0.48397929072380064,0.209411875,0.29702145,0.2522405844181776
93003433,0,0.375884710252285,0.46015177518129347,0.8669,0.7803156,0.6289192199707031
93042965,0,0.17954310066998003,0.444596941024065,0.059986250000000005,0.16253783,0.09250217378139494
93093868,0,0.3272844684474608,0.4779903355766745,0.1655870588235294,0.23930457,0.12654077656128826
93200784,0,0.30409903669108945,0.4660797849297524,0.17141375,0.18551688,0.16180161585410435
93232584,0,0.2638421557843685,0.4628831123312314,0.07986833333333333,0.12842947,0.12535144388675687
93327854,0,0.2693805349990725,0.45907672146956124,0.196295,0.3494025,0.19250725507736208
93413149,0,0.12944423914887007,0.4540816485881805,0.0634175,0.1226079,0.09778551757335663
93445153,0,0.40636718397339183,0.4370749935507774,0.34148333333333336,0.39548296,0.3105471611022949
93487077,0,0.35218706180651976,0.46736504634221393,0.2789166666666667,0.25026494,0.15549301902453103
93647145,0,0.13374755457043638,0.44991244226694105,0.1261625,0.24421015,0.08537778258323668
93790142,0,0.3570595622062683,0.44575707077980037,0.10152000000000001,0.25313514,0.24537796020507813
93793908,0,0.15754517409950491,0.44713481068611144,0.0308025,0.15062673,0.060965782403945894
93913698,0,0.35702276229858393,0.459021408110857,0.2027625,0.35190955,0.25337621569633484
94008414,0,0.2107873454689979,0.4482742950320244,0.11505750000000001,0.1153039,0.046067637205123885
94026029,0,0.24276966104904807,0.4797804574171702,0.41100000000000003,0.3724990000000001,0.24041674931844073
94288708,0,0.20009541437029835,0.4576151371002197,0.11281,0.20488134,0.16830132901668549
94302593,0,0.2315911786487469,0.5076873820561629,0.22092,0.2608283,0.26053153643241295
94308681,0,0.4079110157489777,0.45089100956916806,0.215152,0.2512911,0.2669827032089233
94750119,0,0.2612807926535606,0.4534175896644593,0.15584,0.2102884,0.08175341606140137
94814032,0,0.5493202582001686,0.536144421249628,0.8208125,0.77468646,0.5858834266662598
94940106,0,0.40578964379700744,0.4548238728985642,0.26808333333333334,0.21103379,0.19599891286907772
95230087,0,0.2925900805327627,0.45332247416178384,0.2596,0.28059784,0.1729674498240153
95273053,1,0.5789322922627131,0.598355840643247,0.5926166666666667,0.5492742,0.5417814493179322
95341436,0,0.29741994923353193,0.4932045655250549,0.3073888,0.37887627,0.2931665997505188
95530889,0,0.3343598626946148,0.48078172018653464,0.24074210526315787,0.3030706,0.28841397323106466
95675290,0,0.41654582172632215,0.45283698588609694,0.25295,0.324727,0.30064178109169004
95725033,0,0.4056911570269887,0.5137540170332281,0.25811243902439024,0.33800405,0.4022964442648539
95908961,0,0.3915605806786081,0.4758880143580229,0.19934086956521738,0.16090436,0.11739596594934876
95922947,0,0.4569374345242977,0.43949114009737966,0.1815825,0.20767517,0.11824286580085752
95985490,0,0.28172191753983494,0.4405113935470581,0.17699625,0.23467198,0.11492923349142074
96035267,0,0.20914388192551472,0.4586577713489532,0.16602857142857141,0.34587783,0.11086675609861099
96190815,0,0.3160775579512119,0.4445985123515129,0.119175,0.13633542,0.08795807063579558
96206967,0,0.3597937375307083,0.4549565136432647,0.341725,0.37889227,0.29749813079833987
96217067,0,0.3723122469016484,0.5275283975260598,0.3516871428571428,0.38086095000000003,0.37583850281579156
96557312,0,0.5907510487569704,0.5996198991934458,0.7737555555555555,0.74751914,0.6647092554304335
96608187,0,0.32839446142315865,0.4496746689081192,0.583025,0.4329875,0.5249950408935546
96713844,0,0.36460411285652833,0.4662726994823007,0.2726882352941176,0.31066072,0.1630621734787436
96802218,0,0.39483411014080044,0.4664326012134552,0.251225,0.15530834,0.13163176774978638
96831330,0,0.38937444947659966,0.46135618463158606,0.2323925,0.18345633,0.24170297384262085
96978323,0,0.43130782544612883,0.4420065492391586,0.1921,0.30118677,0.08346409797668455
97041535,0,0.34661947811643284,0.4556465138991674,0.11950833333333333,0.20132515000000004,0.12675839861234026
97174331,0,0.4287936752041181,0.43783255318800607,0.6008583333333334,0.4193917,0.3810132056474686
97224900,0,0.22227481380105013,0.4440346449613571,0.1314325,0.23835143,0.09758876860141753
97279952,0,0.26787675544619555,0.4472416549921035,0.12819166666666668,0.24016742,0.08112058242162068
97288624,0,0.2283761205151677,0.45375542640686034,0.2380375,0.20609252,0.10696752667427062
97489892,0,0.5841738045215606,0.47846002280712124,0.26935,0.24858598,0.2720563173294067
97565750,0,0.22923168213594525,0.45207071361087614,0.34046190476190474,0.30960512,0.11253456728799001
97638810,0,0.26615232359617946,0.4733411461114883,0.139725,0.27387086,0.15134518295526503
97800206,0,0.4649718701839447,0.5000352010130883,0.43113333333333337,0.27629724,0.35044862429300944
97814394,0,0.1807130287090937,0.44044263925817273,0.07740666666666668,0.11069642,0.039162690771950594
97970011,0,0.6870414396127065,0.6267747114102046,0.9151166666666666,0.8088878,0.929052734375
97973305,0,0.2743992395699023,0.44852796792984007,0.12410000000000002,0.15008605,0.10176997184753417
98001840,0,0.17489190958440298,0.4542170256376266,0.0944475,0.25357732,0.028687161207199087
98011288,0,0.23213668763637538,0.437605445086956,0.0800475,0.2039543,0.12004825472831725
98087180,0,0.5224311570326488,0.549389460682869,0.5377333333333333,0.54788244,0.5654715875784556
98091640,0,0.2794388723373412,0.44458500623703,0.17426,0.1964175,0.0739627432823181
98105554,0,0.33350303694605826,0.4516492530703544,0.0980975,0.14724901,0.15747170448303222
98127536,0,0.49650046825408933,0.5992723280191422,0.5145,0.55612636,0.4547159790992737
98212424,0,0.25651097185909744,0.44670272469520567,0.0944,0.22776571,0.24390807151794433
98373081,0,0.17344027087092395,0.4385427474975586,0.08840999999999999,0.2345129,0.1161823272705078
98668982,0,0.3439995795488357,0.4599028870463371,0.1134975,0.15233164,0.06636006534099577
98743520,0,0.11344295330345625,0.44665114432573316,0.041045,0.12342338,0.08104742765426634
98923242,0,0.3854524660110473,0.48339009284973145,0.24396,0.22846237,0.17508956909179688
98943414,0,0.2257196247577667,0.4411951079964638,0.09947,0.21778873,0.12066929340362548
99005327,0,0.29488113075494765,0.48677938481171923,0.30964166666666665,0.3803299,0.31064878900845844
99028595,0,0.42212633937597277,0.52724180072546,0.20223249999999998,0.3199535,0.21390024721622464
99208030,0,0.24290972799062724,0.4559966534376144,0.09442249999999999,0.19856969,0.10958225727081297
99224574,0,0.3595000934787094,0.45375597178936,0.3222875,0.36423498,0.25683190673589706
99260494,0,0.19032262619584794,0.4617380008101463,0.0657625,0.1593056,0.05815990567207335
99263961,0,0.32353848488100106,0.5083430799745744,0.2210209677419355,0.35098568,0.23677305867595055
99685976,0,0.3569970605048266,0.45221621041948146,0.3754272727272727,0.26041576,0.2953733975237066
99827758,0,0.25571274181658565,0.46432423158125447,0.11559863636363636,0.18780915,0.14523518031293695
99860669,0,0.24069948447868225,0.4466598823666572,0.0851875,0.17349091,0.1113541781902313
99980000,0,0.3264120332896709,0.4412224188446998,0.1234325,0.13368765,0.06232245564460753
