correction_family,grain,metric,comparison,baseline,n_pairs,dst_mean,baseline_mean,mean_delta_dst_minus_baseline,median_delta_dst_minus_baseline,wins_dst,losses_dst,ties,wilcoxon_w,p_raw,rank_biserial_dst_minus_baseline,p_holm,significant_raw_0p05,significant_holm_0p05
Fixed-threshold metrics across both grains (24 tests),image,bacc_0p5,DST k=10 vs GLAM,GLAM,5,0.690082050276225,0.5789202706678436,0.11116177960838156,0.09106708944896647,5,0,0,0.0,0.0625,1.0,1.0,False,False
Fixed-threshold metrics across both grains (24 tests),image,bacc_0p5,DST k=10 vs Mammo-FM,Mammo-FM,5,0.690082050276225,0.7208378281193816,-0.030755777843156508,-0.03803678641866337,1,4,0,1.0,0.125,-0.8666666666666667,1.0,False,False
Fixed-threshold metrics across both grains (24 tests),image,bacc_0p5,DST k=10 vs MIL,MIL,5,0.690082050276225,0.7079010166388807,-0.017818966362655654,-0.015246859097991838,1,4,0,4.0,0.4375,-0.4666666666666667,1.0,False,False
Fixed-threshold metrics across both grains (24 tests),image,bacc_0p5,DST k=10 vs Mammo-CLIP,Mammo-CLIP,5,0.690082050276225,0.6897562463905506,0.0003258038856744472,-0.005058677388774413,1,4,0,5.0,0.625,-0.3333333333333333,1.0,False,False
Fixed-threshold metrics across both grains (24 tests),image,sensitivity_0p5,DST k=10 vs Mammo-FM,Mammo-FM,5,0.5151515151515151,0.6333333333333334,-0.11818181818181821,-0.13636363636363635,1,4,0,1.0,0.125,-0.8666666666666667,1.0,False,False
Fixed-threshold metrics across both grains (24 tests),image,sensitivity_0p5,DST k=10 vs MIL,MIL,5,0.5151515151515151,0.593939393939394,-0.07878787878787881,-0.030303030303030387,1,4,0,4.0,0.4375,-0.4666666666666667,1.0,False,False
Fixed-threshold metrics across both grains (24 tests),image,sensitivity_0p5,DST k=10 vs Mammo-CLIP,Mammo-CLIP,5,0.5151515151515151,0.5878787878787879,-0.07272727272727272,-0.12121212121212122,1,4,0,4.0,0.4375,-0.4666666666666667,1.0,False,False
Fixed-threshold metrics across both grains (24 tests),image,sensitivity_0p5,DST k=10 vs GLAM,GLAM,5,0.5151515151515151,0.5727272727272728,-0.0575757575757576,0.18181818181818177,3,2,0,6.0,0.8125,-0.2,1.0,False,False
Fixed-threshold metrics across both grains (24 tests),image,specificity_0p5,DST k=10 vs Mammo-FM,Mammo-FM,5,0.865012585400935,0.8083423229054297,0.05667026249550522,0.0602900635263095,4,1,0,2.0,0.1875,0.7333333333333333,1.0,False,False
Fixed-threshold metrics across both grains (24 tests),image,specificity_0p5,DST k=10 vs Mammo-CLIP,Mammo-CLIP,5,0.865012585400935,0.7916337049023132,0.0733788804986216,0.03871509049502575,4,1,0,4.0,0.4375,0.4666666666666667,1.0,False,False
Fixed-threshold metrics across both grains (24 tests),image,specificity_0p5,DST k=10 vs GLAM,GLAM,5,0.865012585400935,0.5851132686084142,0.2798993167925207,-0.05142035239122611,2,3,0,6.0,0.8125,0.2,1.0,False,False
Fixed-threshold metrics across both grains (24 tests),image,specificity_0p5,DST k=10 vs MIL,MIL,5,0.865012585400935,0.8218626393383675,0.04314994606256746,-0.0035958288385472548,2,3,0,6.0,0.8125,0.2,1.0,False,False
Fixed-threshold metrics across both grains (24 tests),patient,bacc_0p5,DST k=10 vs GLAM,GLAM,5,0.698364237997128,0.5510270337766123,0.14733720422051566,0.12564774926640443,5,0,0,0.0,0.0625,1.0,1.0,False,False
Fixed-threshold metrics across both grains (24 tests),patient,bacc_0p5,DST k=10 vs MIL,MIL,5,0.698364237997128,0.667003808453518,0.03136042954360989,0.029874508334894134,4,1,0,4.0,0.4375,0.4666666666666667,1.0,False,False
Fixed-threshold metrics across both grains (24 tests),patient,bacc_0p5,DST k=10 vs Mammo-CLIP,Mammo-CLIP,5,0.698364237997128,0.6879940063682337,0.010370231628894255,-0.02169569832053453,2,3,0,7.0,1.0,0.06666666666666667,1.0,False,False
Fixed-threshold metrics across both grains (24 tests),patient,bacc_0p5,DST k=10 vs Mammo-FM,Mammo-FM,5,0.698364237997128,0.6996191546481862,-0.0012549166510582798,-0.030093026159705438,2,3,0,7.0,1.0,-0.06666666666666667,1.0,False,False
Fixed-threshold metrics across both grains (24 tests),patient,sensitivity_0p5,DST k=10 vs Mammo-FM,Mammo-FM,5,0.46315789473684205,0.5368421052631579,-0.0736842105263158,-0.10526315789473684,2,3,0,4.5,0.625,-0.4,1.0,False,False
Fixed-threshold metrics across both grains (24 tests),patient,sensitivity_0p5,DST k=10 vs GLAM,GLAM,5,0.46315789473684205,0.5473684210526315,-0.08421052631578949,0.15789473684210525,3,2,0,6.0,0.8125,-0.2,1.0,False,False
Fixed-threshold metrics across both grains (24 tests),patient,sensitivity_0p5,DST k=10 vs Mammo-CLIP,Mammo-CLIP,5,0.46315789473684205,0.5368421052631579,-0.0736842105263158,-0.15789473684210525,2,3,0,5.5,0.8125,-0.26666666666666666,1.0,False,False
Fixed-threshold metrics across both grains (24 tests),patient,sensitivity_0p5,DST k=10 vs MIL,MIL,5,0.46315789473684205,0.4526315789473684,0.010526315789473684,0.05263157894736842,3,1,1,4.0,0.875,0.2,1.0,False,False
Fixed-threshold metrics across both grains (24 tests),patient,specificity_0p5,DST k=10 vs GLAM,GLAM,5,0.9335705812574139,0.554685646500593,0.3788849347568209,0.08778173190984573,4,1,0,1.0,0.125,0.8666666666666667,1.0,False,False
Fixed-threshold metrics across both grains (24 tests),patient,specificity_0p5,DST k=10 vs Mammo-FM,Mammo-FM,5,0.9335705812574139,0.8623962040332147,0.07117437722419931,0.0521945432977462,4,1,0,1.0,0.125,0.8666666666666667,1.0,False,False
Fixed-threshold metrics across both grains (24 tests),patient,specificity_0p5,DST k=10 vs Mammo-CLIP,Mammo-CLIP,5,0.9335705812574139,0.8391459074733095,0.09442467378410438,0.07473309608540923,4,1,0,2.0,0.1875,0.7333333333333333,1.0,False,False
Fixed-threshold metrics across both grains (24 tests),patient,specificity_0p5,DST k=10 vs MIL,MIL,5,0.9335705812574139,0.8813760379596678,0.05219454329774616,0.007117437722419906,3,2,0,5.0,0.625,0.3333333333333333,1.0,False,False
